model,name,AUROC,AUPRC,balAcc,sens,spec,F1,MCC,n_repeats,AUROC_lo,AUROC_hi,AUPRC_lo,AUPRC_hi,dAUROC,dAUROC_lo,dAUROC_hi
majority,Majority class,0.5,0.06904487917146145,0.5,1.0,0.0,0.12917115177610333,0.0,3,0.5,0.5,0.05408515535097814,0.0863060989643268,-0.08735811822727459,-0.15474045790636753,-0.02212242594690614
lr_scale,"LR: scale only (total, density)",0.48733003708281825,0.07161423207226401,0.48362175525339923,0.5,0.46724351050679847,0.11516314779270634,-0.01664051236118638,3,0.42155642612140104,0.5503336409325008,0.05308593219195431,0.11102929244135527,-0.1010794879711062,-0.1829860670277069,-0.003946852673238706
lr_demo,LR: age + sex,0.45238978162340343,0.06347528659754882,0.49500755390743034,0.7444444444444445,0.2455706633704161,0.12494172494172494,-0.0058757827396629415,3,0.4040648557623463,0.5024176904550559,0.04981064720335329,0.08827463384455668,-0.1348806549854571,-0.21483825693054615,-0.055694288666214
lr_edges,LR: 93k edges,0.5878313418486472,0.09256691948735514,0.5420992995467656,0.38333333333333336,0.7008652657601977,0.14153846153846153,0.04636746421192175,3,0.5221224259469062,0.6547404579063675,0.0655118753235435,0.13561923341075255,,,
lr_strength,LR: 432 node strengths,0.5717964565306962,0.09942115946363488,0.5542473561323994,0.39444444444444443,0.7140502678203544,0.15026455026455027,0.060409352755210824,3,0.4967336587247649,0.6382196489324066,0.07060980142064052,0.1509134427071755,-0.01705947460134776,-0.05655259790403644,0.02577830704642296
lr_edges_log1p,"LR: 93k edges, old log1p pipeline",0.5945955225930505,0.09836530656912908,0.5476205191594561,0.45,0.6452410383189122,0.1443850267379679,0.05026465335592825,3,0.5234936447873632,0.6596965834933569,0.07104096885142692,0.1442334247684536,0.005808395059922367,-0.028181514588230986,0.0407405503490158
lr_edges_resid,"LR: 93k edges, age/sex/total removed",0.5826809504188984,0.0944974453563661,0.5226823238566131,0.3,0.7453646477132262,0.1267605633802817,0.02629441797339413,3,0.5155973810133245,0.6521387216269386,0.06802506614135093,0.13947294131167345,-0.004699713012002526,-0.019920286217271793,0.00891932929562203
gat,GAT,0.5388339513803049,0.08864360171611863,0.5588071693448702,0.35,0.7676143386897404,0.15613382899628253,0.06976940932007403,1,0.46324197648764337,0.6187922197486134,0.06268243804845006,0.14812613234690142,-0.02967768818237849,-0.12288412023125289,0.06892217398351533
wgnan_nodeonly,W-GNAN: node terms only,0.5581650872132949,0.08340392676381551,0.5319976651558852,0.39444444444444443,0.6695508858673259,0.13485280151946819,0.034378565991382365,3,0.5076080763645829,0.611760029328005,0.06486183714600585,0.1142363203920446,-0.029099532063894956,-0.08798738837537329,0.032916728257976556
