repeat,fold,x,g
0,0,0.0,0.0
0,0,0.009999999776482582,0.00944158248603344
0,0,0.019999999552965164,0.01888316497206688
0,0,0.029999999329447746,0.028324749320745468
0,0,0.03999999910593033,0.03776632994413376
0,0,0.05000000074505806,0.047207918018102646
0,0,0.05999999865889549,0.056649498641490936
0,0,0.07000000029802322,0.06609108299016953
0,0,0.07999999821186066,0.07553265988826752
0,0,0.09000000357627869,0.0849742516875267
0,0,0.10000000149011612,0.09441583603620529
0,0,0.10999999940395355,0.10385741293430328
0,0,0.11999999731779099,0.11329899728298187
0,0,0.12999999523162842,0.12274032086133957
0,0,0.14000000059604645,0.13218139111995697
0,0,0.15000000596046448,0.14162246882915497
0,0,0.1599999964237213,0.15106351673603058
0,0,0.17000000178813934,0.16050460934638977
0,0,0.18000000715255737,0.16994567215442657
0,0,0.1899999976158142,0.17938673496246338
0,0,0.20000000298023224,0.18882781267166138
0,0,0.20999999344348907,0.19826887547969818
0,0,0.2199999988079071,0.20770993828773499
0,0,0.23000000417232513,0.21715101599693298
0,0,0.23999999463558197,0.2265920788049698
0,0,0.25,0.23603315651416779
0,0,0.25999999046325684,0.24547064304351807
0,0,0.27000001072883606,0.25490814447402954
0,0,0.2800000011920929,0.264345645904541
0,0,0.28999999165534973,0.2737831175327301
0,0,0.30000001192092896,0.2832205891609192
0,0,0.3100000023841858,0.29265809059143066
0,0,0.3199999928474426,0.30209556221961975
0,0,0.33000001311302185,0.3115330934524536
0,0,0.3400000035762787,0.3209705650806427
0,0,0.3499999940395355,0.3304080069065094
0,0,0.36000001430511475,0.33984553813934326
0,0,0.3700000047683716,0.34928303956985474
0,0,0.3799999952316284,0.3587050437927246
0,0,0.38999998569488525,0.36811167001724243
0,0,0.4000000059604645,0.37751832604408264
0,0,0.4099999964237213,0.3869248926639557
0,0,0.41999998688697815,0.3963315188884735
0,0,0.4300000071525574,0.4057381749153137
0,0,0.4399999976158142,0.41514477133750916
0,0,0.44999998807907104,0.424551397562027
0,0,0.46000000834465027,0.4339579939842224
0,0,0.4699999988079071,0.44336459040641785
0,0,0.47999998927116394,0.45277121663093567
0,0,0.49000000953674316,0.4621778428554535
0,0,0.5,0.4715844988822937
0,0,0.5099999904632568,0.4821373522281647
0,0,0.5199999809265137,0.49269017577171326
0,0,0.5299999713897705,0.5032430291175842
0,0,0.5400000214576721,0.5137959122657776
0,0,0.550000011920929,0.5243488550186157
0,0,0.5600000023841858,0.5349016785621643
0,0,0.5699999928474426,0.5454544425010681
0,0,0.5799999833106995,0.5560073256492615
0,0,0.5899999737739563,0.5665601491928101
0,0,0.6000000238418579,0.5771130919456482
0,0,0.6100000143051147,0.5876659750938416
0,0,0.6200000047683716,0.5982187986373901
0,0,0.6299999952316284,0.6087799072265625
0,0,0.6399999856948853,0.6193491816520691
0,0,0.6499999761581421,0.6299185156822205
0,0,0.6600000262260437,0.6404879093170166
0,0,0.6700000166893005,0.6510571837425232
0,0,0.6800000071525574,0.6616265177726746
0,0,0.6899999976158142,0.6721957325935364
0,0,0.699999988079071,0.682765007019043
0,0,0.7099999785423279,0.6933344006538391
0,0,0.7200000286102295,0.7039037346839905
0,0,0.7300000190734863,0.7144729495048523
0,0,0.7400000095367432,0.7250423431396484
0,0,0.75,0.7356116771697998
0,0,0.7599999904632568,0.7461862564086914
0,0,0.7699999809265137,0.7567608952522278
0,0,0.7799999713897705,0.7673353552818298
0,0,0.7900000214576721,0.777910053730011
0,0,0.800000011920929,0.7884846925735474
0,0,0.8100000023841858,0.7990593314170837
0,0,0.8199999928474426,0.8096337914466858
0,0,0.8299999833106995,0.8202083706855774
0,0,0.8399999737739563,0.830782949924469
0,0,0.8500000238418579,0.8413575887680054
0,0,0.8600000143051147,0.851932168006897
0,0,0.8700000047683716,0.8625068068504333
0,0,0.8799999952316284,0.8730822205543518
0,0,0.8899999856948853,0.883658766746521
0,0,0.8999999761581421,0.8942351937294006
0,0,0.9100000262260437,0.9048117399215698
0,0,0.9200000166893005,0.9153882265090942
0,0,0.9300000071525574,0.9259646534919739
0,0,0.9399999976158142,0.9365410208702087
0,0,0.949999988079071,0.9471175670623779
0,0,0.9599999785423279,0.9576940536499023
0,0,0.9700000286102295,0.9682706594467163
0,0,0.9800000190734863,0.9788470268249512
0,0,0.9900000095367432,0.9894235134124756
0,0,1.0,1.0
0,1,0.0,0.0
0,1,0.009999999776482582,0.009783965535461903
0,1,0.019999999552965164,0.019567931070923805
0,1,0.029999999329447746,0.029351897537708282
0,1,0.03999999910593033,0.03913586214184761
0,1,0.05000000074505806,0.04891983047127724
0,1,0.05999999865889549,0.058703795075416565
0,1,0.07000000029802322,0.06848776340484619
0,1,0.07999999821186066,0.07827172428369522
0,1,0.09000000357627869,0.08805570006370544
0,1,0.10000000149011612,0.09783966094255447
0,1,0.10999999940395355,0.1076236218214035
0,1,0.11999999731779099,0.11740759015083313
0,1,0.12999999523162842,0.12719157338142395
0,1,0.14000000059604645,0.13697558641433716
0,1,0.15000000596046448,0.14675959944725037
0,1,0.1599999964237213,0.15654359757900238
0,1,0.17000000178813934,0.1663276106119156
0,1,0.18000000715255737,0.17611163854599
0,1,0.1899999976158142,0.185895636677742
0,1,0.20000000298023224,0.1956796497106552
0,1,0.20999999344348907,0.20546363294124603
0,1,0.2199999988079071,0.21524764597415924
0,1,0.23000000417232513,0.22503167390823364
0,1,0.23999999463558197,0.23481567203998566
0,1,0.25,0.24459968507289886
0,1,0.25999999046325684,0.2543841600418091
0,1,0.27000001072883606,0.2641686499118805
0,1,0.2800000011920929,0.2739531099796295
0,1,0.28999999165534973,0.2837375998497009
0,1,0.30000001192092896,0.29352205991744995
0,1,0.3100000023841858,0.30330654978752136
0,1,0.3199999928474426,0.3130910098552704
0,1,0.33000001311302185,0.3228754997253418
0,1,0.3400000035762787,0.3326599597930908
0,1,0.3499999940395355,0.34244444966316223
0,1,0.36000001430511475,0.35222893953323364
0,1,0.3700000047683716,0.36201339960098267
0,1,0.3799999952316284,0.37179896235466003
0,1,0.38999998569488525,0.3815855085849762
0,1,0.4000000059604645,0.3913721442222595
0,1,0.4099999964237213,0.40115875005722046
0,1,0.41999998688697815,0.4109452962875366
0,1,0.4300000071525574,0.42073193192481995
0,1,0.4399999976158142,0.4305185377597809
0,1,0.44999998807907104,0.4403051435947418
0,1,0.46000000834465027,0.45009174942970276
0,1,0.4699999988079071,0.4598783850669861
0,1,0.47999998927116394,0.46966493129730225
0,1,0.49000000953674316,0.47945156693458557
0,1,0.5,0.4892381429672241
0,1,0.5099999904632568,0.49945393204689026
0,1,0.5199999809265137,0.5096697211265564
0,1,0.5299999713897705,0.5198855400085449
0,1,0.5400000214576721,0.5301014184951782
0,1,0.550000011920929,0.5403172373771667
0,1,0.5600000023841858,0.5505330562591553
0,1,0.5699999928474426,0.560748815536499
0,1,0.5799999833106995,0.5709646344184875
0,1,0.5899999737739563,0.5811803936958313
0,1,0.6000000238418579,0.5913962721824646
0,1,0.6100000143051147,0.6016121506690979
0,1,0.6200000047683716,0.6118279695510864
0,1,0.6299999952316284,0.6220434904098511
0,1,0.6399999856948853,0.6322586536407471
0,1,0.6499999761581421,0.6424739360809326
0,1,0.6600000262260437,0.6526891589164734
0,1,0.6700000166893005,0.6629043817520142
0,1,0.6800000071525574,0.6731196045875549
0,1,0.6899999976158142,0.6833347678184509
0,1,0.699999988079071,0.6935499310493469
0,1,0.7099999785423279,0.7037651538848877
0,1,0.7200000286102295,0.7139804363250732
0,1,0.7300000190734863,0.724195659160614
0,1,0.7400000095367432,0.7344108819961548
0,1,0.75,0.744625985622406
0,1,0.7599999904632568,0.7548410296440125
0,1,0.7699999809265137,0.7650558948516846
0,1,0.7799999713897705,0.7752708792686462
0,1,0.7900000214576721,0.7854858636856079
0,1,0.800000011920929,0.7957009077072144
0,1,0.8100000023841858,0.8059157133102417
0,1,0.8199999928474426,0.8161306381225586
0,1,0.8299999833106995,0.8263456225395203
0,1,0.8399999737739563,0.8365604877471924
0,1,0.8500000238418579,0.8467755317687988
0,1,0.8600000143051147,0.8569905161857605
0,1,0.8700000047683716,0.8672053813934326
0,1,0.8799999952316284,0.8774203658103943
0,1,0.8899999856948853,0.8876352906227112
0,1,0.8999999761581421,0.8978503942489624
0,1,0.9100000262260437,0.9080653786659241
0,1,0.9200000166893005,0.918280303478241
0,1,0.9300000071525574,0.9284952282905579
0,1,0.9399999976158142,0.9387102127075195
0,1,0.949999988079071,0.9489250183105469
0,1,0.9599999785423279,0.9591401219367981
0,1,0.9700000286102295,0.9693551063537598
0,1,0.9800000190734863,0.9795700907707214
0,1,0.9900000095367432,0.9897849559783936
0,1,1.0,1.0
0,2,0.0,0.0
0,2,0.009999999776482582,0.009792076423764229
0,2,0.019999999552965164,0.019584152847528458
0,2,0.029999999329447746,0.029376229271292686
0,2,0.03999999910593033,0.039168305695056915
0,2,0.05000000074505806,0.04896038398146629
0,2,0.05999999865889549,0.05875245854258537
0,2,0.07000000029802322,0.06854453682899475
0,2,0.07999999821186066,0.07833661139011383
0,2,0.09000000357627869,0.08812869340181351
0,2,0.10000000149011612,0.09792076796293259
0,2,0.10999999940395355,0.10771284252405167
0,2,0.11999999731779099,0.11750491708517075
0,2,0.12999999523162842,0.12729701399803162
0,2,0.14000000059604645,0.13708913326263428
0,2,0.15000000596046448,0.14688126742839813
0,2,0.1599999964237213,0.1566733717918396
0,2,0.17000000178813934,0.16646550595760345
0,2,0.18000000715255737,0.17625761032104492
0,2,0.1899999976158142,0.18604972958564758
0,2,0.20000000298023224,0.19584184885025024
0,2,0.20999999344348907,0.2056339681148529
0,2,0.2199999988079071,0.21542608737945557
0,2,0.23000000417232513,0.22521820664405823
0,2,0.23999999463558197,0.2350103110074997
0,2,0.25,0.24480244517326355
0,2,0.25999999046325684,0.254594624042511
0,2,0.27000001072883606,0.2643868029117584
0,2,0.2800000011920929,0.27417895197868347
0,2,0.28999999165534973,0.2839711308479309
0,2,0.30000001192092896,0.29376333951950073
0,2,0.3100000023841858,0.3035554885864258
0,2,0.3199999928474426,0.31334763765335083
0,2,0.33000001311302185,0.32313987612724304
0,2,0.3400000035762787,0.3329319953918457
0,2,0.3499999940395355,0.34272414445877075
0,2,0.36000001430511475,0.3525163531303406
0,2,0.3700000047683716,0.362308531999588
0,2,0.3799999952316284,0.3721010684967041
0,2,0.38999998569488525,0.38189393281936646
0,2,0.4000000059604645,0.3916868567466736
0,2,0.4099999964237213,0.4014797508716583
0,2,0.41999998688697815,0.41127264499664307
0,2,0.4300000071525574,0.4210655689239502
0,2,0.4399999976158142,0.43085846304893494
0,2,0.44999998807907104,0.4406513273715973
0,2,0.46000000834465027,0.4504442512989044
0,2,0.4699999988079071,0.46023714542388916
0,2,0.47999998927116394,0.4700300395488739
0,2,0.49000000953674316,0.4798229932785034
0,2,0.5,0.48961588740348816
0,2,0.5099999904632568,0.4998233914375305
0,2,0.5199999809265137,0.5100310444831848
0,2,0.5299999713897705,0.5202383995056152
0,2,0.5400000214576721,0.5304460525512695
0,2,0.550000011920929,0.5406537055969238
0,2,0.5600000023841858,0.5508611798286438
0,2,0.5699999928474426,0.5610687732696533
0,2,0.5799999833106995,0.5712763071060181
0,2,0.5899999737739563,0.5814838409423828
0,2,0.6000000238418579,0.5916914939880371
0,2,0.6100000143051147,0.6018990278244019
0,2,0.6200000047683716,0.6121066212654114
0,2,0.6299999952316284,0.6223142147064209
0,2,0.6399999856948853,0.63252192735672
0,2,0.6499999761581421,0.6427296996116638
0,2,0.6600000262260437,0.6529375910758972
0,2,0.6700000166893005,0.6631453633308411
0,2,0.6800000071525574,0.6733531355857849
0,2,0.6899999976158142,0.683560848236084
0,2,0.699999988079071,0.6937686204910278
0,2,0.7099999785423279,0.7039765119552612
0,2,0.7200000286102295,0.7141843438148499
0,2,0.7300000190734863,0.7243919968605042
0,2,0.7400000095367432,0.7345998287200928
0,2,0.75,0.7448076605796814
0,2,0.7599999904632568,0.7550153136253357
0,2,0.7699999809265137,0.7652230858802795
0,2,0.7799999713897705,0.7754306793212891
0,2,0.7900000214576721,0.7856385111808777
0,2,0.800000011920929,0.7958462238311768
0,2,0.8100000023841858,0.8060540556907654
0,2,0.8199999928474426,0.8162617683410645
0,2,0.8299999833106995,0.826469361782074
0,2,0.8399999737739563,0.8366771340370178
0,2,0.8500000238418579,0.8468849658966064
0,2,0.8600000143051147,0.8570926189422607
0,2,0.8700000047683716,0.8673003315925598
0,2,0.8799999952316284,0.8775079846382141
0,2,0.8899999856948853,0.8877156972885132
0,2,0.8999999761581421,0.8979232907295227
0,2,0.9100000262260437,0.9081310629844666
0,2,0.9200000166893005,0.9183387756347656
0,2,0.9300000071525574,0.9285463690757751
0,2,0.9399999976158142,0.9387539625167847
0,2,0.949999988079071,0.9489617347717285
0,2,0.9599999785423279,0.959169328212738
0,2,0.9700000286102295,0.9693771004676819
0,2,0.9800000190734863,0.9795846343040466
0,2,0.9900000095367432,0.9897922873497009
0,2,1.0,1.0
0,3,0.0,0.0
0,3,0.009999999776482582,0.009314279071986675
0,3,0.019999999552965164,0.01862855814397335
0,3,0.029999999329447746,0.0279428381472826
0,3,0.03999999910593033,0.0372571162879467
0,3,0.05000000074505806,0.04657140001654625
0,3,0.05999999865889549,0.0558856762945652
0,3,0.07000000029802322,0.06519995629787445
0,3,0.07999999821186066,0.0745142325758934
0,3,0.09000000357627869,0.08382851630449295
0,3,0.10000000149011612,0.0931428000330925
0,3,0.10999999940395355,0.10245707631111145
0,3,0.11999999731779099,0.1117713525891304
0,3,0.12999999523162842,0.12108540534973145
0,3,0.14000000059604645,0.13039924204349518
0,3,0.15000000596046448,0.1397130787372589
0,3,0.1599999964237213,0.14902690052986145
0,3,0.17000000178813934,0.15834073722362518
0,3,0.18000000715255737,0.16765457391738892
0,3,0.1899999976158142,0.17696839570999146
0,3,0.20000000298023224,0.1862822324037552
0,3,0.20999999344348907,0.19559605419635773
0,3,0.2199999988079071,0.20490989089012146
0,3,0.23000000417232513,0.2142237275838852
0,3,0.23999999463558197,0.22353754937648773
0,3,0.25,0.23285138607025146
0,3,0.25999999046325684,0.24216008186340332
0,3,0.27000001072883606,0.25146880745887756
0,3,0.2800000011920929,0.2607775032520294
0,3,0.28999999165534973,0.2700861692428589
0,3,0.30000001192092896,0.27939489483833313
0,3,0.3100000023841858,0.288703590631485
0,3,0.3199999928474426,0.29801228642463684
0,3,0.33000001311302185,0.3073210120201111
0,3,0.3400000035762787,0.31662970781326294
0,3,0.3499999940395355,0.3259383738040924
0,3,0.36000001430511475,0.33524709939956665
0,3,0.3700000047683716,0.3445557951927185
0,3,0.3799999952316284,0.3538394868373871
0,3,0.38999998569488525,0.3630981743335724
0,3,0.4000000059604645,0.37235692143440247
0,3,0.4099999964237213,0.3816155791282654
0,3,0.41999998688697815,0.3908742666244507
0,3,0.4300000071525574,0.4001329839229584
0,3,0.4399999976158142,0.40939170122146606
0,3,0.44999998807907104,0.41865038871765137
0,3,0.46000000834465027,0.42790910601615906
0,3,0.4699999988079071,0.437167763710022
0,3,0.47999998927116394,0.44642648100852966
0,3,0.49000000953674316,0.45568519830703735
0,3,0.5,0.46494388580322266
0,3,0.5099999904632568,0.47562462091445923
0,3,0.5199999809265137,0.4863053262233734
0,3,0.5299999713897705,0.4969860911369324
0,3,0.5400000214576721,0.507666826248169
0,3,0.550000011920929,0.5183476209640503
0,3,0.5600000023841858,0.5290283560752869
0,3,0.5699999928474426,0.5397090315818787
0,3,0.5799999833106995,0.5503897666931152
0,3,0.5899999737739563,0.561070442199707
0,3,0.6000000238418579,0.5717512369155884
0,3,0.6100000143051147,0.582431972026825
0,3,0.6200000047683716,0.5931127071380615
0,3,0.6299999952316284,0.6038044691085815
0,3,0.6399999856948853,0.6145071983337402
0,3,0.6499999761581421,0.6252099275588989
0,3,0.6600000262260437,0.6359127163887024
0,3,0.6700000166893005,0.6466153860092163
0,3,0.6800000071525574,0.657318115234375
0,3,0.6899999976158142,0.6680207848548889
0,3,0.699999988079071,0.6787235140800476
0,3,0.7099999785423279,0.6894263029098511
0,3,0.7200000286102295,0.7001290917396545
0,3,0.7300000190734863,0.7108317613601685
0,3,0.7400000095367432,0.7215344905853271
0,3,0.75,0.7322372198104858
0,3,0.7599999904632568,0.7429463267326355
0,3,0.7699999809265137,0.7536554932594299
0,3,0.7799999713897705,0.7643645405769348
0,3,0.7900000214576721,0.7750737071037292
0,3,0.800000011920929,0.7857828736305237
0,3,0.8100000023841858,0.7964920401573181
0,3,0.8199999928474426,0.807201087474823
0,3,0.8299999833106995,0.8179101943969727
0,3,0.8399999737739563,0.8286193013191223
0,3,0.8500000238418579,0.8393284678459167
0,3,0.8600000143051147,0.8500375747680664
0,3,0.8700000047683716,0.8607466816902161
0,3,0.8799999952316284,0.8714572191238403
0,3,0.8899999856948853,0.8821691274642944
0,3,0.8999999761581421,0.8928809762001038
0,3,0.9100000262260437,0.9035929441452026
0,3,0.9200000166893005,0.9143048524856567
0,3,0.9300000071525574,0.9250167012214661
0,3,0.9399999976158142,0.9357285499572754
0,3,0.949999988079071,0.9464404582977295
0,3,0.9599999785423279,0.9571524262428284
0,3,0.9700000286102295,0.9678643345832825
0,3,0.9800000190734863,0.9785761833190918
0,3,0.9900000095367432,0.9892880916595459
0,3,1.0,1.0
0,4,0.0,0.0
0,4,0.009999999776482582,0.009914261288940907
0,4,0.019999999552965164,0.019828522577881813
0,4,0.029999999329447746,0.029742784798145294
0,4,0.03999999910593033,0.039657045155763626
0,4,0.05000000074505806,0.049571309238672256
0,4,0.05999999865889549,0.05948556959629059
0,4,0.07000000029802322,0.06939983367919922
0,4,0.07999999821186066,0.07931409031152725
0,4,0.09000000357627869,0.08922836184501648
0,4,0.10000000149011612,0.09914261847734451
0,4,0.10999999940395355,0.10905687510967255
0,4,0.11999999731779099,0.11897113919258118
0,4,0.12999999523162842,0.12888728082180023
0,4,0.14000000059604645,0.1388052999973297
0,4,0.15000000596046448,0.148723304271698
0,4,0.1599999964237213,0.15864130854606628
0,4,0.17000000178813934,0.16855932772159576
0,4,0.18000000715255737,0.17847734689712524
0,4,0.1899999976158142,0.18839535117149353
0,4,0.20000000298023224,0.198313370347023
0,4,0.20999999344348907,0.2082313597202301
0,4,0.2199999988079071,0.21814937889575958
0,4,0.23000000417232513,0.22806741297245026
0,4,0.23999999463558197,0.23798540234565735
0,4,0.25,0.24790342152118683
0,4,0.25999999046325684,0.25783035159111023
0,4,0.27000001072883606,0.26775726675987244
0,4,0.2800000011920929,0.27768418192863464
0,4,0.28999999165534973,0.28761106729507446
0,4,0.30000001192092896,0.29753801226615906
0,4,0.3100000023841858,0.3074648976325989
0,4,0.3199999928474426,0.3173918128013611
0,4,0.33000001311302185,0.3273187577724457
0,4,0.3400000035762787,0.3372456431388855
0,4,0.3499999940395355,0.3471725583076477
0,4,0.36000001430511475,0.3570995032787323
0,4,0.3700000047683716,0.3670263886451721
0,4,0.3799999952316284,0.37697502970695496
0,4,0.38999998569488525,0.3869453966617584
0,4,0.4000000059604645,0.3969157636165619
0,4,0.4099999964237213,0.40688610076904297
0,4,0.41999998688697815,0.41685646772384644
0,4,0.4300000071525574,0.4268268644809723
0,4,0.4399999976158142,0.43679720163345337
0,4,0.44999998807907104,0.4467675983905792
0,4,0.46000000834465027,0.4567379951477051
0,4,0.4699999988079071,0.46670830249786377
0,4,0.47999998927116394,0.47667866945266724
0,4,0.49000000953674316,0.4866490662097931
0,4,0.5,0.49661940336227417
0,4,0.5099999904632568,0.5066927075386047
0,4,0.5199999809265137,0.5167660713195801
0,4,0.5299999713897705,0.5268394351005554
0,4,0.5400000214576721,0.5369128584861755
0,4,0.550000011920929,0.5469861626625061
0,4,0.5600000023841858,0.5570595860481262
0,4,0.5699999928474426,0.5671329498291016
0,4,0.5799999833106995,0.5772063732147217
0,4,0.5899999737739563,0.5872796773910522
0,4,0.6000000238418579,0.5973531007766724
0,4,0.6100000143051147,0.6074265241622925
0,4,0.6200000047683716,0.617499828338623
0,4,0.6299999952316284,0.6275689601898193
0,4,0.6399999856948853,0.6376340389251709
0,4,0.6499999761581421,0.6476991176605225
0,4,0.6600000262260437,0.657764196395874
0,4,0.6700000166893005,0.6678293347358704
0,4,0.6800000071525574,0.6778943538665771
0,4,0.6899999976158142,0.6879594922065735
0,4,0.699999988079071,0.6980246305465698
0,4,0.7099999785423279,0.7080896496772766
0,4,0.7200000286102295,0.718154788017273
0,4,0.7300000190734863,0.7282198667526245
0,4,0.7400000095367432,0.7382849454879761
0,4,0.75,0.7483499646186829
0,4,0.7599999904632568,0.7584154009819031
0,4,0.7699999809265137,0.7684807777404785
0,4,0.7799999713897705,0.7785462737083435
0,4,0.7900000214576721,0.788611650466919
0,4,0.800000011920929,0.7986770868301392
0,4,0.8100000023841858,0.8087425827980042
0,4,0.8199999928474426,0.8188080191612244
0,4,0.8299999833106995,0.8288734555244446
0,4,0.8399999737739563,0.8389388918876648
0,4,0.8500000238418579,0.849004328250885
0,4,0.8600000143051147,0.8590697050094604
0,4,0.8700000047683716,0.8691352009773254
0,4,0.8799999952316284,0.8792009949684143
0,4,0.8899999856948853,0.8892675638198853
0,4,0.8999999761581421,0.899334192276001
0,4,0.9100000262260437,0.9094007015228271
0,4,0.9200000166893005,0.9194673299789429
0,4,0.9300000071525574,0.9295338988304138
0,4,0.9399999976158142,0.9396005272865295
0,4,0.949999988079071,0.9496671557426453
0,4,0.9599999785423279,0.9597337245941162
0,4,0.9700000286102295,0.9698002338409424
0,4,0.9800000190734863,0.9798668622970581
0,4,0.9900000095367432,0.989933431148529
0,4,1.0,0.9999999403953552
1,0,0.0,0.0
1,0,0.009999999776482582,0.009294247254729271
1,0,0.019999999552965164,0.018588494509458542
1,0,0.029999999329447746,0.027882741764187813
1,0,0.03999999910593033,0.037176989018917084
1,0,0.05000000074505806,0.046471238136291504
1,0,0.05999999865889549,0.055765483528375626
1,0,0.07000000029802322,0.06505973637104034
1,0,0.07999999821186066,0.07435397803783417
1,0,0.09000000357627869,0.08364823460578918
1,0,0.10000000149011612,0.09294247627258301
1,0,0.10999999940395355,0.10223672538995743
1,0,0.11999999731779099,0.11153096705675125
1,0,0.12999999523162842,0.12082485854625702
1,0,0.14000000059604645,0.13011839985847473
1,0,0.15000000596046448,0.13941194117069244
1,0,0.1599999964237213,0.14870546758174896
1,0,0.17000000178813934,0.15799900889396667
1,0,0.18000000715255737,0.16729256510734558
1,0,0.1899999976158142,0.1765860766172409
1,0,0.20000000298023224,0.18587961792945862
1,0,0.20999999344348907,0.19517315924167633
1,0,0.2199999988079071,0.20446670055389404
1,0,0.23000000417232513,0.21376022696495056
1,0,0.23999999463558197,0.22305376827716827
1,0,0.25,0.232347309589386
1,0,0.25999999046325684,0.24163950979709625
1,0,0.27000001072883606,0.2509317398071289
1,0,0.2800000011920929,0.260223925113678
1,0,0.28999999165534973,0.26951614022254944
1,0,0.30000001192092896,0.2788083553314209
1,0,0.3100000023841858,0.28810054063796997
1,0,0.3199999928474426,0.29739275574684143
1,0,0.33000001311302185,0.3066849708557129
1,0,0.3400000035762787,0.31597715616226196
1,0,0.3499999940395355,0.3252694010734558
1,0,0.36000001430511475,0.33456161618232727
1,0,0.3700000047683716,0.34385380148887634
1,0,0.3799999952316284,0.35314348340034485
1,0,0.38999998569488525,0.3624306619167328
1,0,0.4000000059604645,0.3717178404331207
1,0,0.4099999964237213,0.38100507855415344
1,0,0.41999998688697815,0.3902922570705414
1,0,0.4300000071525574,0.3995794653892517
1,0,0.4399999976158142,0.40886664390563965
1,0,0.44999998807907104,0.4181538224220276
1,0,0.46000000834465027,0.4274410307407379
1,0,0.4699999988079071,0.43672823905944824
1,0,0.47999998927116394,0.4460153877735138
1,0,0.49000000953674316,0.4553026258945465
1,0,0.5,0.46458980441093445
1,0,0.5099999904632568,0.47529152035713196
1,0,0.5199999809265137,0.48599329590797424
1,0,0.5299999713897705,0.49669498205184937
1,0,0.5400000214576721,0.5073968172073364
1,0,0.550000011920929,0.5180984735488892
1,0,0.5600000023841858,0.5288002490997314
1,0,0.5699999928474426,0.5395020246505737
1,0,0.5799999833106995,0.5502037405967712
1,0,0.5899999737739563,0.560905396938324
1,0,0.6000000238418579,0.571607232093811
1,0,0.6100000143051147,0.5823089480400085
1,0,0.6200000047683716,0.593010663986206
1,0,0.6299999952316284,0.6037158370018005
1,0,0.6399999856948853,0.6144244074821472
1,0,0.6499999761581421,0.6251329183578491
1,0,0.6600000262260437,0.6358416080474854
1,0,0.6700000166893005,0.6465500593185425
1,0,0.6800000071525574,0.6572586297988892
1,0,0.6899999976158142,0.6679672002792358
1,0,0.699999988079071,0.6786758303642273
1,0,0.7099999785423279,0.6893842816352844
1,0,0.7200000286102295,0.7000930309295654
1,0,0.7300000190734863,0.7108015418052673
1,0,0.7400000095367432,0.721510112285614
1,0,0.75,0.7322186231613159
1,0,0.7599999904632568,0.7429294586181641
1,0,0.7699999809265137,0.753640353679657
1,0,0.7799999713897705,0.7643511891365051
1,0,0.7900000214576721,0.7750622630119324
1,0,0.800000011920929,0.785772979259491
1,0,0.8100000023841858,0.7964839339256287
1,0,0.8199999928474426,0.8071948289871216
1,0,0.8299999833106995,0.8179057240486145
1,0,0.8399999737739563,0.8286164999008179
1,0,0.8500000238418579,0.8393275141716003
1,0,0.8600000143051147,0.8500383496284485
1,0,0.8700000047683716,0.8607492446899414
1,0,0.8799999952316284,0.8714604377746582
1,0,0.8899999856948853,0.8821721076965332
1,0,0.8999999761581421,0.8928836584091187
1,0,0.9100000262260437,0.9035954475402832
1,0,0.9200000166893005,0.9143069386482239
1,0,0.9300000071525574,0.9250186085700989
1,0,0.9399999976158142,0.9357302188873291
1,0,0.949999988079071,0.9464419484138489
1,0,0.9599999785423279,0.9571533799171448
1,0,0.9700000286102295,0.9678652286529541
1,0,0.9800000190734863,0.9785767793655396
1,0,0.9900000095367432,0.9892884492874146
1,0,1.0,1.0
1,1,0.0,0.0
1,1,0.009999999776482582,0.009782155975699425
1,1,0.019999999552965164,0.01956431195139885
1,1,0.029999999329447746,0.029346467927098274
1,1,0.03999999910593033,0.0391286239027977
1,1,0.05000000074505806,0.04891078174114227
1,1,0.05999999865889549,0.05869293585419655
1,1,0.07000000029802322,0.06847509741783142
1,1,0.07999999821186066,0.0782572478055954
1,1,0.09000000357627869,0.08803941309452057
1,1,0.10000000149011612,0.09782156348228455
1,1,0.10999999940395355,0.10760372132062912
1,1,0.11999999731779099,0.1173858717083931
1,1,0.12999999523162842,0.12716776132583618
1,1,0.14000000059604645,0.13694940507411957
1,1,0.15000000596046448,0.14673103392124176
1,1,0.1599999964237213,0.15651266276836395
1,1,0.17000000178813934,0.16629430651664734
1,1,0.18000000715255737,0.17607595026493073
1,1,0.1899999976158142,0.18585756421089172
1,1,0.20000000298023224,0.1956392079591751
1,1,0.20999999344348907,0.2054208368062973
1,1,0.2199999988079071,0.2152024805545807
1,1,0.23000000417232513,0.22498410940170288
1,1,0.23999999463558197,0.23476573824882507
1,1,0.25,0.24454738199710846
1,1,0.25999999046325684,0.2543296217918396
1,1,0.27000001072883606,0.2641119360923767
1,1,0.2800000011920929,0.27389419078826904
1,1,0.28999999165534973,0.28367647528648376
1,1,0.30000001192092896,0.2934587597846985
1,1,0.3100000023841858,0.3032410442829132
1,1,0.3199999928474426,0.31302326917648315
1,1,0.33000001311302185,0.32280561327934265
1,1,0.3400000035762787,0.332587867975235
1,1,0.3499999940395355,0.3423701226711273
1,1,0.36000001430511475,0.35215243697166443
1,1,0.3700000047683716,0.36193469166755676
1,1,0.3799999952316284,0.3717244267463684
1,1,0.38999998569488525,0.3815217614173889
1,1,0.4000000059604645,0.39131903648376465
1,1,0.4099999964237213,0.40111637115478516
1,1,0.41999998688697815,0.4109135866165161
1,1,0.4300000071525574,0.4207109212875366
1,1,0.4399999976158142,0.43050822615623474
1,1,0.44999998807907104,0.4403055012226105
1,1,0.46000000834465027,0.4501028060913086
1,1,0.4699999988079071,0.4599001109600067
1,1,0.47999998927116394,0.46969735622406006
1,1,0.49000000953674316,0.47949472069740295
1,1,0.5,0.4892919659614563
1,1,0.5099999904632568,0.499504953622818
1,1,0.5199999809265137,0.5097180008888245
1,1,0.5299999713897705,0.5199310779571533
1,1,0.5400000214576721,0.5301441550254822
1,1,0.550000011920929,0.5403571724891663
1,1,0.5600000023841858,0.5505702495574951
1,1,0.5699999928474426,0.5607832670211792
1,1,0.5799999833106995,0.5709963440895081
1,1,0.5899999737739563,0.5812093615531921
1,1,0.6000000238418579,0.591422438621521
1,1,0.6100000143051147,0.6016355156898499
1,1,0.6200000047683716,0.6118485331535339
1,1,0.6299999952316284,0.6220624446868896
1,1,0.6399999856948853,0.6322770714759827
1,1,0.6499999761581421,0.6424917578697205
1,1,0.6600000262260437,0.6527065634727478
1,1,0.6700000166893005,0.6629213094711304
1,1,0.6800000071525574,0.6731359958648682
1,1,0.6899999976158142,0.6833506226539612
1,1,0.699999988079071,0.693565309047699
1,1,0.7099999785423279,0.7037799954414368
1,1,0.7200000286102295,0.7139948010444641
1,1,0.7300000190734863,0.7242095470428467
1,1,0.7400000095367432,0.7344242334365845
1,1,0.75,0.744638979434967
1,1,0.7599999904632568,0.7548534870147705
1,1,0.7699999809265137,0.7650681138038635
1,1,0.7799999713897705,0.7752827405929565
1,1,0.7900000214576721,0.7854973077774048
1,1,0.800000011920929,0.795711874961853
1,1,0.8100000023841858,0.8059264421463013
1,1,0.8199999928474426,0.8161410689353943
1,1,0.8299999833106995,0.8263556957244873
1,1,0.8399999737739563,0.8365702629089355
1,1,0.8500000238418579,0.8467848896980286
1,1,0.8600000143051147,0.8569994568824768
1,1,0.8700000047683716,0.8672140836715698
1,1,0.8799999952316284,0.8774285316467285
1,1,0.8899999856948853,0.8876428008079529
1,1,0.8999999761581421,0.8978570699691772
1,1,0.9100000262260437,0.9080713391304016
1,1,0.9200000166893005,0.9182856678962708
1,1,0.9300000071525574,0.9285000562667847
1,1,0.9399999976158142,0.938714325428009
1,1,0.949999988079071,0.9489285945892334
1,1,0.9599999785423279,0.9591427445411682
1,1,0.9700000286102295,0.9693570733070374
1,1,0.9800000190734863,0.9795714616775513
1,1,0.9900000095367432,0.9897857308387756
1,1,1.0,1.0
1,2,0.0,0.0
1,2,0.009999999776482582,0.009428366087377071
1,2,0.019999999552965164,0.018856732174754143
1,2,0.029999999329447746,0.02828509919345379
1,2,0.03999999910593033,0.037713464349508286
1,2,0.05000000074505806,0.04714183136820793
1,2,0.05999999865889549,0.05657019838690758
1,2,0.07000000029802322,0.06599856168031693
1,2,0.07999999821186066,0.07542692869901657
1,2,0.09000000357627869,0.08485530316829681
1,2,0.10000000149011612,0.09428366273641586
1,2,0.10999999940395355,0.10371202975511551
1,2,0.11999999731779099,0.11314039677381516
1,2,0.12999999523162842,0.12256573140621185
1,2,0.14000000059604645,0.1319880485534668
1,2,0.15000000596046448,0.14141036570072174
1,2,0.1599999964237213,0.1508326679468155
1,2,0.17000000178813934,0.16025498509407043
1,2,0.18000000715255737,0.16967730224132538
1,2,0.1899999976158142,0.17909960448741913
1,2,0.20000000298023224,0.18852192163467407
1,2,0.20999999344348907,0.19794422388076782
1,2,0.2199999988079071,0.20736654102802277
1,2,0.23000000417232513,0.2167888581752777
1,2,0.23999999463558197,0.22621116042137146
1,2,0.25,0.2356334775686264
1,2,0.25999999046325684,0.2450617104768753
1,2,0.27000001072883606,0.2544899582862854
1,2,0.2800000011920929,0.2639181613922119
1,2,0.28999999165534973,0.2733464241027832
1,2,0.30000001192092896,0.2827746868133545
1,2,0.3100000023841858,0.2922029197216034
1,2,0.3199999928474426,0.3016310930252075
1,2,0.33000001311302185,0.3110593557357788
1,2,0.3400000035762787,0.3204875886440277
1,2,0.3499999940395355,0.329915851354599
1,2,0.36000001430511475,0.3393440842628479
1,2,0.3700000047683716,0.3487723171710968
1,2,0.3799999952316284,0.35820651054382324
1,2,0.38999998569488525,0.3676466941833496
1,2,0.4000000059604645,0.37708690762519836
1,2,0.4099999964237213,0.3865271210670471
1,2,0.41999998688697815,0.3959673345088959
1,2,0.4300000071525574,0.40540754795074463
1,2,0.4399999976158142,0.4148477017879486
1,2,0.44999998807907104,0.424287885427475
1,2,0.46000000834465027,0.4337281286716461
1,2,0.4699999988079071,0.4431683421134949
1,2,0.47999998927116394,0.45260852575302124
1,2,0.49000000953674316,0.46204873919487
1,2,0.5,0.47148895263671875
1,2,0.5099999904632568,0.48206010460853577
1,2,0.5199999809265137,0.4926312565803528
1,2,0.5299999713897705,0.503202497959137
1,2,0.5400000214576721,0.5137736797332764
1,2,0.550000011920929,0.5243448615074158
1,2,0.5600000023841858,0.5349160432815552
1,2,0.5699999928474426,0.5454872250556946
1,2,0.5799999833106995,0.5560584664344788
1,2,0.5899999737739563,0.5666296482086182
1,2,0.6000000238418579,0.5772008895874023
1,2,0.6100000143051147,0.587772011756897
1,2,0.6200000047683716,0.5983432531356812
1,2,0.6299999952316284,0.6089158654212952
1,2,0.6399999856948853,0.6194900870323181
1,2,0.6499999761581421,0.6300642490386963
1,2,0.6600000262260437,0.6406384706497192
1,2,0.6700000166893005,0.6512126922607422
1,2,0.6800000071525574,0.6617868542671204
1,2,0.6899999976158142,0.6723610758781433
1,2,0.699999988079071,0.6829352378845215
1,2,0.7099999785423279,0.6935093402862549
1,2,0.7200000286102295,0.7040836811065674
1,2,0.7300000190734863,0.714657723903656
1,2,0.7400000095367432,0.7252320051193237
1,2,0.75,0.7358061075210571
1,2,0.7599999904632568,0.7463793158531189
1,2,0.7699999809265137,0.7569524645805359
1,2,0.7799999713897705,0.7675256133079529
1,2,0.7900000214576721,0.7780989408493042
1,2,0.800000011920929,0.7886719107627869
1,2,0.8100000023841858,0.7992450594902039
1,2,0.8199999928474426,0.8098182678222656
1,2,0.8299999833106995,0.8203914761543274
1,2,0.8399999737739563,0.8309645056724548
1,2,0.8500000238418579,0.8415377140045166
1,2,0.8600000143051147,0.8521109819412231
1,2,0.8700000047683716,0.8626841306686401
1,2,0.8799999952316284,0.873251736164093
1,2,0.8899999856948853,0.8838140964508057
1,2,0.8999999761581421,0.8943765759468079
1,2,0.9100000262260437,0.9049389362335205
1,2,0.9200000166893005,0.9155011177062988
1,2,0.9300000071525574,0.9260636568069458
1,2,0.9399999976158142,0.9366259574890137
1,2,0.949999988079071,0.9471883177757263
1,2,0.9599999785423279,0.9577504992485046
1,2,0.9700000286102295,0.9683129191398621
1,2,0.9800000190734863,0.9788753986358643
1,2,0.9900000095367432,0.9894375801086426
1,2,1.0,1.0
1,3,0.0,0.0
1,3,0.009999999776482582,0.009897854179143906
1,3,0.019999999552965164,0.01979570835828781
1,3,0.029999999329447746,0.029693562537431717
1,3,0.03999999910593033,0.03959141671657562
1,3,0.05000000074505806,0.04948927089571953
1,3,0.05999999865889549,0.059387125074863434
1,3,0.07000000029802322,0.06928498297929764
1,3,0.07999999821186066,0.07918283343315125
1,3,0.09000000357627869,0.08908069133758545
1,3,0.10000000149011612,0.09897854179143906
1,3,0.10999999940395355,0.10887639969587326
1,3,0.11999999731779099,0.11877425014972687
1,3,0.12999999523162842,0.12867185473442078
1,3,0.14000000059604645,0.13856922090053558
1,3,0.15000000596046448,0.1484665870666504
1,3,0.1599999964237213,0.158363938331604
1,3,0.17000000178813934,0.1682613044977188
1,3,0.18000000715255737,0.17815867066383362
1,3,0.1899999976158142,0.18805602192878723
1,3,0.20000000298023224,0.19795338809490204
1,3,0.20999999344348907,0.20785075426101685
1,3,0.2199999988079071,0.21774812042713165
1,3,0.23000000417232513,0.22764548659324646
1,3,0.23999999463558197,0.23754283785820007
1,3,0.25,0.24744020402431488
1,3,0.25999999046325684,0.2573416531085968
1,3,0.27000001072883606,0.26724308729171753
1,3,0.2800000011920929,0.27714455127716064
1,3,0.28999999165534973,0.287045955657959
1,3,0.30000001192092896,0.2969474792480469
1,3,0.3100000023841858,0.3068488836288452
1,3,0.3199999928474426,0.31675034761428833
1,3,0.33000001311302185,0.32665178179740906
1,3,0.3400000035762787,0.3365532457828522
1,3,0.3499999940395355,0.3464546799659729
1,3,0.36000001430511475,0.356356143951416
1,3,0.3700000047683716,0.36625757813453674
1,3,0.3799999952316284,0.37615665793418884
1,3,0.38999998569488525,0.38605329394340515
1,3,0.4000000059604645,0.39594995975494385
1,3,0.4099999964237213,0.40584659576416016
1,3,0.41999998688697815,0.41574326157569885
1,3,0.4300000071525574,0.42563989758491516
1,3,0.4399999976158142,0.43553656339645386
1,3,0.44999998807907104,0.4454331696033478
1,3,0.46000000834465027,0.45532989501953125
1,3,0.4699999988079071,0.46522650122642517
1,3,0.47999998927116394,0.47512316703796387
1,3,0.49000000953674316,0.4850198030471802
1,3,0.5,0.4949164390563965
1,3,0.5099999904632568,0.5050109028816223
1,3,0.5199999809265137,0.5151052474975586
1,3,0.5299999713897705,0.5251996517181396
1,3,0.5400000214576721,0.5352940559387207
1,3,0.550000011920929,0.5453884601593018
1,3,0.5600000023841858,0.5554828643798828
1,3,0.5699999928474426,0.5655772686004639
1,3,0.5799999833106995,0.5756716132164001
1,3,0.5899999737739563,0.585766077041626
1,3,0.6000000238418579,0.5958606004714966
1,3,0.6100000143051147,0.6059548258781433
1,3,0.6200000047683716,0.6160492897033691
1,3,0.6299999952316284,0.6261451840400696
1,3,0.6399999856948853,0.6362426280975342
1,3,0.6499999761581421,0.6463397741317749
1,3,0.6600000262260437,0.6564372777938843
1,3,0.6700000166893005,0.6665347218513489
1,3,0.6800000071525574,0.6766319870948792
1,3,0.6899999976158142,0.686729371547699
1,3,0.699999988079071,0.6968267560005188
1,3,0.7099999785423279,0.7069241404533386
1,3,0.7200000286102295,0.7170214653015137
1,3,0.7300000190734863,0.7271188497543335
1,3,0.7400000095367432,0.7372161746025085
1,3,0.75,0.7473136186599731
1,3,0.7599999904632568,0.7574182152748108
1,3,0.7699999809265137,0.767522931098938
1,3,0.7799999713897705,0.7776276469230652
1,3,0.7900000214576721,0.7877323627471924
1,3,0.800000011920929,0.79783695936203
1,3,0.8100000023841858,0.807941734790802
1,3,0.8199999928474426,0.818046510219574
1,3,0.8299999833106995,0.8281510472297668
1,3,0.8399999737739563,0.8382558226585388
1,3,0.8500000238418579,0.8483605980873108
1,3,0.8600000143051147,0.8584651947021484
1,3,0.8700000047683716,0.8685699105262756
1,3,0.8799999952316284,0.8786773085594177
1,3,0.8899999856948853,0.888787567615509
1,3,0.8999999761581421,0.8988977074623108
1,3,0.9100000262260437,0.9090080261230469
1,3,0.9200000166893005,0.9191182851791382
1,3,0.9300000071525574,0.9292283654212952
1,3,0.9399999976158142,0.9393386840820312
1,3,0.949999988079071,0.9494489431381226
1,3,0.9599999785423279,0.9595590829849243
1,3,0.9700000286102295,0.9696693420410156
1,3,0.9800000190734863,0.9797796010971069
1,3,0.9900000095367432,0.9898898005485535
1,3,1.0,0.9999999403953552
1,4,0.0,0.0
1,4,0.009999999776482582,0.01073385775089264
1,4,0.019999999552965164,0.02146771550178528
1,4,0.029999999329447746,0.03220157325267792
1,4,0.03999999910593033,0.04293543100357056
1,4,0.05000000074505806,0.053669292479753494
1,4,0.05999999865889549,0.06440314650535583
1,4,0.07000000029802322,0.07513701170682907
1,4,0.07999999821186066,0.08587086200714111
1,4,0.09000000357627869,0.09660472720861435
1,4,0.10000000149011612,0.10733858495950699
1,4,0.10999999940395355,0.11807244271039963
1,4,0.11999999731779099,0.12880629301071167
1,4,0.12999999523162842,0.13953743875026703
1,4,0.14000000059604645,0.1502658873796463
1,4,0.15000000596046448,0.16099432110786438
1,4,0.1599999964237213,0.17172273993492126
1,4,0.17000000178813934,0.18245118856430054
1,4,0.18000000715255737,0.19317962229251862
1,4,0.1899999976158142,0.2039080560207367
1,4,0.20000000298023224,0.21463648974895477
1,4,0.20999999344348907,0.22536490857601166
1,4,0.2199999988079071,0.23609335720539093
1,4,0.23000000417232513,0.246821790933609
1,4,0.23999999463558197,0.2575502097606659
1,4,0.25,0.26827865839004517
1,4,0.25999999046325684,0.2789953649044037
1,4,0.27000001072883606,0.2897121012210846
1,4,0.2800000011920929,0.3004288077354431
1,4,0.28999999165534973,0.31114551424980164
1,4,0.30000001192092896,0.32186225056648254
1,4,0.3100000023841858,0.33257895708084106
1,4,0.3199999928474426,0.3432956337928772
1,4,0.33000001311302185,0.3540123999118805
1,4,0.3400000035762787,0.364729106426239
1,4,0.3499999940395355,0.37544581294059753
1,4,0.36000001430511475,0.38616251945495605
1,4,0.3700000047683716,0.3968792259693146
1,4,0.3799999952316284,0.40753063559532166
1,4,0.38999998569488525,0.4181166887283325
1,4,0.4000000059604645,0.42870277166366577
1,4,0.4099999964237213,0.43928882479667664
1,4,0.41999998688697815,0.4498748779296875
1,4,0.4300000071525574,0.4604610204696655
1,4,0.4399999976158142,0.471047043800354
1,4,0.44999998807907104,0.48163309693336487
1,4,0.46000000834465027,0.4922192096710205
1,4,0.4699999988079071,0.502805233001709
1,4,0.47999998927116394,0.513391375541687
1,4,0.49000000953674316,0.5239774584770203
1,4,0.5,0.534563422203064
1,4,0.5099999904632568,0.5438201427459717
1,4,0.5199999809265137,0.5530766844749451
1,4,0.5299999713897705,0.562333345413208
1,4,0.5400000214576721,0.5715899467468262
1,4,0.550000011920929,0.5808466672897339
1,4,0.5600000023841858,0.590103268623352
1,4,0.5699999928474426,0.5993598699569702
1,4,0.5799999833106995,0.6086164712905884
1,4,0.5899999737739563,0.6178730726242065
1,4,0.6000000238418579,0.6271297931671143
1,4,0.6100000143051147,0.6363863945007324
1,4,0.6200000047683716,0.6456429958343506
1,4,0.6299999952316284,0.6549280285835266
1,4,0.6399999856948853,0.6642416715621948
1,4,0.6499999761581421,0.6735551953315735
1,4,0.6600000262260437,0.6828690767288208
1,4,0.6700000166893005,0.6921825408935547
1,4,0.6800000071525574,0.7014961838722229
1,4,0.6899999976158142,0.7108097076416016
1,4,0.699999988079071,0.7201233506202698
1,4,0.7099999785423279,0.7294368743896484
1,4,0.7200000286102295,0.7387505769729614
1,4,0.7300000190734863,0.7480642199516296
1,4,0.7400000095367432,0.7573777437210083
1,4,0.75,0.7666913866996765
1,4,0.7599999904632568,0.7760195136070251
1,4,0.7699999809265137,0.7853474617004395
1,4,0.7799999713897705,0.7946755886077881
1,4,0.7900000214576721,0.8040037155151367
1,4,0.800000011920929,0.8133317232131958
1,4,0.8100000023841858,0.8226597905158997
1,4,0.8199999928474426,0.8319877982139587
1,4,0.8299999833106995,0.8413158655166626
1,4,0.8399999737739563,0.8506438136100769
1,4,0.8500000238418579,0.8599721789360046
1,4,0.8600000143051147,0.869300127029419
1,4,0.8700000047683716,0.8786282539367676
1,4,0.8799999952316284,0.8879604935646057
1,4,0.8899999856948853,0.8972970843315125
1,4,0.8999999761581421,0.9066336750984192
1,4,0.9100000262260437,0.9159704446792603
1,4,0.9200000166893005,0.925307035446167
1,4,0.9300000071525574,0.9346436262130737
1,4,0.9399999976158142,0.94398033618927
1,4,0.949999988079071,0.9533168077468872
1,4,0.9599999785423279,0.9626535773277283
1,4,0.9700000286102295,0.971990168094635
1,4,0.9800000190734863,0.9813268184661865
1,4,0.9900000095367432,0.9906632900238037
1,4,1.0,1.0
2,0,0.0,0.0
2,0,0.009999999776482582,0.009788243100047112
2,0,0.019999999552965164,0.019576486200094223
2,0,0.029999999329447746,0.029364731162786484
2,0,0.03999999910593033,0.039152972400188446
2,0,0.05000000074505806,0.048941221088171005
2,0,0.05999999865889549,0.05872946232557297
2,0,0.07000000029802322,0.06851770728826523
2,0,0.07999999821186066,0.07830594480037689
2,0,0.09000000357627869,0.08809419721364975
2,0,0.10000000149011612,0.09788244217634201
2,0,0.10999999940395355,0.10767067968845367
2,0,0.11999999731779099,0.11745892465114594
2,0,0.12999999523162842,0.12724711000919342
2,0,0.14000000059604645,0.13703522086143494
2,0,0.15000000596046448,0.14682333171367645
2,0,0.1599999964237213,0.15661142766475677
2,0,0.17000000178813934,0.16639955341815948
2,0,0.18000000715255737,0.176187664270401
2,0,0.1899999976158142,0.18597576022148132
2,0,0.20000000298023224,0.19576388597488403
2,0,0.20999999344348907,0.20555198192596436
2,0,0.2199999988079071,0.21534009277820587
2,0,0.23000000417232513,0.2251282036304474
2,0,0.23999999463558197,0.2349163144826889
2,0,0.25,0.24470442533493042
2,0,0.25999999046325684,0.25449231266975403
2,0,0.27000001072883606,0.26428014039993286
2,0,0.2800000011920929,0.27406802773475647
2,0,0.28999999165534973,0.2838558554649353
2,0,0.30000001192092896,0.2936437427997589
2,0,0.3100000023841858,0.30343157052993774
2,0,0.3199999928474426,0.31321942806243896
2,0,0.33000001311302185,0.3230072855949402
2,0,0.3400000035762787,0.3327951729297638
2,0,0.3499999940395355,0.34258297085762024
2,0,0.36000001430511475,0.35237088799476624
2,0,0.3700000047683716,0.36215871572494507
2,0,0.3799999952316284,0.37194645404815674
2,0,0.38999998569488525,0.3817340135574341
2,0,0.4000000059604645,0.3915216624736786
2,0,0.4099999964237213,0.40130919218063354
2,0,0.41999998688697815,0.41109681129455566
2,0,0.4300000071525574,0.4208844006061554
2,0,0.4399999976158142,0.4306719899177551
2,0,0.44999998807907104,0.44045954942703247
2,0,0.46000000834465027,0.450247198343277
2,0,0.4699999988079071,0.4600347578525543
2,0,0.47999998927116394,0.46982237696647644
2,0,0.49000000953674316,0.4796099364757538
2,0,0.5,0.4893975555896759
2,0,0.5099999904632568,0.4996093809604645
2,0,0.5199999809265137,0.5098212361335754
2,0,0.5299999713897705,0.5200328826904297
2,0,0.5400000214576721,0.530244767665863
2,0,0.550000011920929,0.5404565930366516
2,0,0.5600000023841858,0.5506684184074402
2,0,0.5699999928474426,0.5608801245689392
2,0,0.5799999833106995,0.5710920095443726
2,0,0.5899999737739563,0.5813038349151611
2,0,0.6000000238418579,0.5915156602859497
2,0,0.6100000143051147,0.6017274260520935
2,0,0.6200000047683716,0.6119391918182373
2,0,0.6299999952316284,0.6221511363983154
2,0,0.6399999856948853,0.6323630809783936
2,0,0.6499999761581421,0.6425750851631165
2,0,0.6600000262260437,0.6527871489524841
2,0,0.6700000166893005,0.662999153137207
2,0,0.6800000071525574,0.6732112765312195
2,0,0.6899999976158142,0.6834232211112976
2,0,0.699999988079071,0.6936352252960205
2,0,0.7099999785423279,0.7038472890853882
2,0,0.7200000286102295,0.7140594124794006
2,0,0.7300000190734863,0.7242712378501892
2,0,0.7400000095367432,0.7344833612442017
2,0,0.75,0.7446953058242798
2,0,0.7599999904632568,0.754907488822937
2,0,0.7699999809265137,0.765119731426239
2,0,0.7799999713897705,0.7753316760063171
2,0,0.7900000214576721,0.7855438590049744
2,0,0.800000011920929,0.7957560420036316
2,0,0.8100000023841858,0.805968165397644
2,0,0.8199999928474426,0.8161802291870117
2,0,0.8299999833106995,0.8263924717903137
2,0,0.8399999737739563,0.8366045951843262
2,0,0.8500000238418579,0.8468167185783386
2,0,0.8600000143051147,0.8570288419723511
2,0,0.8700000047683716,0.8672409057617188
2,0,0.8799999952316284,0.8774531483650208
2,0,0.8899999856948853,0.887665331363678
2,0,0.8999999761581421,0.89787757396698
2,0,0.9100000262260437,0.9080897569656372
2,0,0.9200000166893005,0.9183019995689392
2,0,0.9300000071525574,0.9285143613815308
2,0,0.9399999976158142,0.938726544380188
2,0,0.949999988079071,0.94893878698349
2,0,0.9599999785423279,0.9591510891914368
2,0,0.9700000286102295,0.9693633317947388
2,0,0.9800000190734863,0.9795753955841064
2,0,0.9900000095367432,0.989787757396698
2,0,1.0,0.9999999403953552
2,1,0.0,0.0
2,1,0.009999999776482582,0.009791592136025429
2,1,0.019999999552965164,0.019583184272050858
2,1,0.029999999329447746,0.029374776408076286
2,1,0.03999999910593033,0.039166368544101715
2,1,0.05000000074505806,0.04895796254277229
2,1,0.05999999865889549,0.05874955281615257
2,1,0.07000000029802322,0.06854114681482315
2,1,0.07999999821186066,0.07833273708820343
2,1,0.09000000357627869,0.0881243348121643
2,1,0.10000000149011612,0.09791592508554459
2,1,0.10999999940395355,0.10770751535892487
2,1,0.11999999731779099,0.11749910563230515
2,1,0.12999999523162842,0.1272907257080078
2,1,0.14000000059604645,0.13708238303661346
2,1,0.15000000596046448,0.14687404036521912
2,1,0.1599999964237213,0.15666568279266357
2,1,0.17000000178813934,0.16645734012126923
2,1,0.18000000715255737,0.17624899744987488
2,1,0.1899999976158142,0.18604063987731934
2,1,0.20000000298023224,0.195832297205925
2,1,0.20999999344348907,0.20562393963336945
2,1,0.2199999988079071,0.2154155969619751
2,1,0.23000000417232513,0.22520725429058075
2,1,0.23999999463558197,0.2349988967180252
2,1,0.25,0.24479055404663086
2,1,0.25999999046325684,0.2545820474624634
2,1,0.27000001072883606,0.2643736004829407
2,1,0.2800000011920929,0.2741650938987732
2,1,0.28999999165534973,0.2839566171169281
2,1,0.30000001192092896,0.293748140335083
2,1,0.3100000023841858,0.3035396635532379
2,1,0.3199999928474426,0.31333115696907043
2,1,0.33000001311302185,0.32312270998954773
2,1,0.3400000035762787,0.33291420340538025
2,1,0.3499999940395355,0.34270572662353516
2,1,0.36000001430511475,0.35249724984169006
2,1,0.3700000047683716,0.36228877305984497
2,1,0.3799999952316284,0.37208008766174316
2,1,0.38999998569488525,0.38187122344970703
2,1,0.4000000059604645,0.3916623890399933
2,1,0.4099999964237213,0.40145355463027954
2,1,0.41999998688697815,0.411244660615921
2,1,0.4300000071525574,0.42103585600852966
2,1,0.4399999976158142,0.43082696199417114
2,1,0.44999998807907104,0.4406181275844574
2,1,0.46000000834465027,0.45040929317474365
2,1,0.4699999988079071,0.4602004289627075
2,1,0.47999998927116394,0.4699915647506714
2,1,0.49000000953674316,0.47978273034095764
2,1,0.5,0.4895738661289215
2,1,0.5099999904632568,0.4997820258140564
2,1,0.5199999809265137,0.5099902153015137
2,1,0.5299999713897705,0.5201983451843262
2,1,0.5400000214576721,0.5304065942764282
2,1,0.550000011920929,0.540614664554596
2,1,0.5600000023841858,0.5508228540420532
2,1,0.5699999928474426,0.5610311031341553
2,1,0.5799999833106995,0.5712392330169678
2,1,0.5899999737739563,0.5814473628997803
2,1,0.6000000238418579,0.5916556119918823
2,1,0.6100000143051147,0.6018637418746948
2,1,0.6200000047683716,0.6120718717575073
2,1,0.6299999952316284,0.6222802996635437
2,1,0.6399999856948853,0.6324889063835144
2,1,0.6499999761581421,0.6426974534988403
2,1,0.6600000262260437,0.652906060218811
2,1,0.6700000166893005,0.6631145477294922
2,1,0.6800000071525574,0.6733231544494629
2,1,0.6899999976158142,0.6835318207740784
2,1,0.699999988079071,0.6937403082847595
2,1,0.7099999785423279,0.7039487957954407
2,1,0.7200000286102295,0.7141575217247009
2,1,0.7300000190734863,0.7243660688400269
2,1,0.7400000095367432,0.7345746159553528
2,1,0.75,0.7447830438613892
2,1,0.7599999904632568,0.7549918293952942
2,1,0.7699999809265137,0.7652005553245544
2,1,0.7799999713897705,0.7754092216491699
2,1,0.7900000214576721,0.7856180667877197
2,1,0.800000011920929,0.7958266735076904
2,1,0.8100000023841858,0.8060353398323059
2,1,0.8199999928474426,0.8162441253662109
2,1,0.8299999833106995,0.826452910900116
2,1,0.8399999737739563,0.8366615176200867
2,1,0.8500000238418579,0.8468703031539917
2,1,0.8600000143051147,0.8570789694786072
2,1,0.8700000047683716,0.8672876954078674
2,1,0.8799999952316284,0.8774963617324829
2,1,0.8899999856948853,0.8877049684524536
2,1,0.8999999761581421,0.8979136347770691
2,1,0.9100000262260437,0.9081223607063293
2,1,0.9200000166893005,0.9183308482170105
2,1,0.9300000071525574,0.928539514541626
2,1,0.9399999976158142,0.9387482404708862
2,1,0.949999988079071,0.9489568471908569
2,1,0.9599999785423279,0.9591653943061829
2,1,0.9700000286102295,0.9693741202354431
2,1,0.9800000190734863,0.9795827269554138
2,1,0.9900000095367432,0.9897913932800293
2,1,1.0,1.0
2,2,0.0,0.0
2,2,0.009999999776482582,0.012303409166634083
2,2,0.019999999552965164,0.024606818333268166
2,2,0.029999999329447746,0.03691022843122482
2,2,0.03999999910593033,0.04921363666653633
2,2,0.05000000074505806,0.06151704862713814
2,2,0.05999999865889549,0.07382045686244965
2,2,0.07000000029802322,0.08612386882305145
2,2,0.07999999821186066,0.09842727333307266
2,2,0.09000000357627869,0.11073069274425507
2,2,0.10000000149011612,0.12303409725427628
2,2,0.10999999940395355,0.13533750176429749
2,2,0.11999999731779099,0.1476409137248993
2,2,0.12999999523162842,0.15993914008140564
2,2,0.14000000059604645,0.17223216593265533
2,2,0.15000000596046448,0.18452520668506622
2,2,0.1599999964237213,0.19681821763515472
2,2,0.17000000178813934,0.2091112583875656
2,2,0.18000000715255737,0.2214042991399765
2,2,0.1899999976158142,0.2336973249912262
2,2,0.20000000298023224,0.2459903508424759
2,2,0.20999999344348907,0.2582833766937256
2,2,0.2199999988079071,0.2705764174461365
2,2,0.23000000417232513,0.282869428396225
2,2,0.23999999463558197,0.29516246914863586
2,2,0.25,0.30745550990104675
2,2,0.25999999046325684,0.3196965754032135
2,2,0.27000001072883606,0.33193764090538025
2,2,0.2800000011920929,0.3441786766052246
2,2,0.28999999165534973,0.35641971230506897
2,2,0.30000001192092896,0.3686608076095581
2,2,0.3100000023841858,0.38090187311172485
2,2,0.3199999928474426,0.39314284920692444
2,2,0.33000001311302185,0.4053839445114136
2,2,0.3400000035762787,0.41762498021125793
2,2,0.3499999940395355,0.4298660457134247
2,2,0.36000001430511475,0.44210711121559143
2,2,0.3700000047683716,0.4543481469154358
2,2,0.3799999952316284,0.466200590133667
2,2,0.38999998569488525,0.47766441106796265
2,2,0.4000000059604645,0.4891282618045807
2,2,0.4099999964237213,0.500592052936554
2,2,0.41999998688697815,0.5120558738708496
2,2,0.4300000071525574,0.5235196948051453
2,2,0.4399999976158142,0.5349835157394409
2,2,0.44999998807907104,0.5464473962783813
2,2,0.46000000834465027,0.557911217212677
2,2,0.4699999988079071,0.5693750381469727
2,2,0.47999998927116394,0.5808389186859131
2,2,0.49000000953674316,0.5923027396202087
2,2,0.5,0.6037665605545044
2,2,0.5099999904632568,0.61161869764328
2,2,0.5199999809265137,0.6194708943367004
2,2,0.5299999713897705,0.6273230314254761
2,2,0.5400000214576721,0.6351752281188965
2,2,0.550000011920929,0.6430273652076721
2,2,0.5600000023841858,0.6508795619010925
2,2,0.5699999928474426,0.6587316989898682
2,2,0.5799999833106995,0.6665838360786438
2,2,0.5899999737739563,0.6744359731674194
2,2,0.6000000238418579,0.6822881698608398
2,2,0.6100000143051147,0.6901403069496155
2,2,0.6200000047683716,0.6979925036430359
2,2,0.6299999952316284,0.7058832049369812
2,2,0.6399999856948853,0.7138125896453857
2,2,0.6499999761581421,0.7217419147491455
2,2,0.6600000262260437,0.72967129945755
2,2,0.6700000166893005,0.7376006245613098
2,2,0.6800000071525574,0.7455299496650696
2,2,0.6899999976158142,0.7534592747688293
2,2,0.699999988079071,0.7613886594772339
2,2,0.7099999785423279,0.7693179845809937
2,2,0.7200000286102295,0.7772473692893982
2,2,0.7300000190734863,0.7851767539978027
2,2,0.7400000095367432,0.7931060791015625
2,2,0.75,0.801035463809967
2,2,0.7599999904632568,0.8089882135391235
2,2,0.7699999809265137,0.81694096326828
2,2,0.7799999713897705,0.8248938322067261
2,2,0.7900000214576721,0.8328466415405273
2,2,0.800000011920929,0.8407994508743286
2,2,0.8100000023841858,0.8487522602081299
2,2,0.8199999928474426,0.8567049503326416
2,2,0.8299999833106995,0.8646578192710876
2,2,0.8399999737739563,0.8726106286048889
2,2,0.8500000238418579,0.880563497543335
2,2,0.8600000143051147,0.8885162472724915
2,2,0.8700000047683716,0.8964690566062927
2,2,0.8799999952316284,0.904427707195282
2,2,0.8899999856948853,0.9123920798301697
2,2,0.8999999761581421,0.9203563928604126
2,2,0.9100000262260437,0.9283208847045898
2,2,0.9200000166893005,0.9362851977348328
2,2,0.9300000071525574,0.9442495703697205
2,2,0.9399999976158142,0.9522138833999634
2,2,0.949999988079071,0.9601781368255615
2,2,0.9599999785423279,0.968142569065094
2,2,0.9700000286102295,0.9761069416999817
2,2,0.9800000190734863,0.9840713143348694
2,2,0.9900000095367432,0.9920356869697571
2,2,1.0,0.9999998807907104
2,3,0.0,0.0
2,3,0.009999999776482582,0.009720776230096817
2,3,0.019999999552965164,0.019441552460193634
2,3,0.029999999329447746,0.02916232869029045
2,3,0.03999999910593033,0.03888310492038727
2,3,0.05000000074505806,0.048603884875774384
2,3,0.05999999865889549,0.0583246573805809
2,3,0.07000000029802322,0.06804543733596802
2,3,0.07999999821186066,0.07776620984077454
2,3,0.09000000357627869,0.08748699724674225
2,3,0.10000000149011612,0.09720776975154877
2,3,0.10999999940395355,0.10692854225635529
2,3,0.11999999731779099,0.1166493147611618
2,3,0.12999999523162842,0.12636993825435638
2,3,0.14000000059604645,0.13609042763710022
2,3,0.15000000596046448,0.14581091701984406
2,3,0.1599999964237213,0.1555313766002655
2,3,0.17000000178813934,0.16525186598300934
2,3,0.18000000715255737,0.17497235536575317
2,3,0.1899999976158142,0.18469282984733582
2,3,0.20000000298023224,0.19441331923007965
2,3,0.20999999344348907,0.2041337788105011
2,3,0.2199999988079071,0.21385426819324493
2,3,0.23000000417232513,0.22357475757598877
2,3,0.23999999463558197,0.23329521715641022
2,3,0.25,0.24301570653915405
2,3,0.25999999046325684,0.2527358829975128
2,3,0.27000001072883606,0.26245608925819397
2,3,0.2800000011920929,0.27217623591423035
2,3,0.28999999165534973,0.2818964123725891
2,3,0.30000001192092896,0.29161661863327026
2,3,0.3100000023841858,0.30133676528930664
2,3,0.3199999928474426,0.311056911945343
2,3,0.33000001311302185,0.32077711820602417
2,3,0.3400000035762787,0.33049729466438293
2,3,0.3499999940395355,0.3402174711227417
2,3,0.36000001430511475,0.34993767738342285
2,3,0.3700000047683716,0.35965779423713684
2,3,0.3799999952316284,0.3693779408931732
2,3,0.38999998569488525,0.3790980577468872
2,3,0.4000000059604645,0.3888182044029236
2,3,0.4099999964237213,0.3985382914543152
2,3,0.41999998688697815,0.4082583785057068
2,3,0.4300000071525574,0.41797852516174316
2,3,0.4399999976158142,0.42769864201545715
2,3,0.44999998807907104,0.43741875886917114
2,3,0.46000000834465027,0.44713887572288513
2,3,0.4699999988079071,0.4568589925765991
2,3,0.47999998927116394,0.4665790796279907
2,3,0.49000000953674316,0.4762992262840271
2,3,0.5,0.4860193431377411
2,3,0.5099999904632568,0.49629777669906616
2,3,0.5199999809265137,0.5065761804580688
2,3,0.5299999713897705,0.5168546438217163
2,3,0.5400000214576721,0.5271331071853638
2,3,0.550000011920929,0.5374115705490112
2,3,0.5600000023841858,0.5476899743080139
2,3,0.5699999928474426,0.5579683780670166
2,3,0.5799999833106995,0.5682468414306641
2,3,0.5899999737739563,0.5785252451896667
2,3,0.6000000238418579,0.588803768157959
2,3,0.6100000143051147,0.5990821719169617
2,3,0.6200000047683716,0.6093605756759644
2,3,0.6299999952316284,0.6196395754814148
2,3,0.6399999856948853,0.6299189925193787
2,3,0.6499999761581421,0.6401984095573425
2,3,0.6600000262260437,0.6504778265953064
2,3,0.6700000166893005,0.6607571840286255
2,3,0.6800000071525574,0.6710366010665894
2,3,0.6899999976158142,0.6813159584999084
2,3,0.699999988079071,0.6915954351425171
2,3,0.7099999785423279,0.701874852180481
2,3,0.7200000286102295,0.7121543288230896
2,3,0.7300000190734863,0.7224337458610535
2,3,0.7400000095367432,0.7327131032943726
2,3,0.75,0.7429925203323364
2,3,0.7599999904632568,0.7532725930213928
2,3,0.7699999809265137,0.7635526657104492
2,3,0.7799999713897705,0.7738327383995056
2,3,0.7900000214576721,0.7841128706932068
2,3,0.800000011920929,0.7943930625915527
2,3,0.8100000023841858,0.8046731352806091
2,3,0.8199999928474426,0.8149532675743103
2,3,0.8299999833106995,0.8252333402633667
2,3,0.8399999737739563,0.8355134129524231
2,3,0.8500000238418579,0.845793604850769
2,3,0.8600000143051147,0.8560736179351807
2,3,0.8700000047683716,0.8663538098335266
2,3,0.8799999952316284,0.8766340613365173
2,3,0.8899999856948853,0.8869145512580872
2,3,0.8999999761581421,0.8971949815750122
2,3,0.9100000262260437,0.9074755907058716
2,3,0.9200000166893005,0.9177560806274414
2,3,0.9300000071525574,0.9280365705490112
2,3,0.9399999976158142,0.9383169412612915
2,3,0.949999988079071,0.9485974311828613
2,3,0.9599999785423279,0.9588779807090759
2,3,0.9700000286102295,0.9691585898399353
2,3,0.9800000190734863,0.9794389605522156
2,3,0.9900000095367432,0.989719569683075
2,3,1.0,1.0
2,4,0.0,0.0
2,4,0.009999999776482582,0.009439455345273018
2,4,0.019999999552965164,0.018878910690546036
2,4,0.029999999329447746,0.028318366035819054
2,4,0.03999999910593033,0.03775782138109207
2,4,0.05000000074505806,0.04719727858901024
2,4,0.05999999865889549,0.05663673207163811
2,4,0.07000000029802322,0.06607618927955627
2,4,0.07999999821186066,0.07551564276218414
2,4,0.09000000357627869,0.08495510369539261
2,4,0.10000000149011612,0.09439455717802048
2,4,0.10999999940395355,0.10383401066064835
2,4,0.11999999731779099,0.11327346414327621
2,4,0.12999999523162842,0.12271569669246674
2,4,0.14000000059604645,0.1321607232093811
2,4,0.15000000596046448,0.14160573482513428
2,4,0.1599999964237213,0.15105076134204865
2,4,0.17000000178813934,0.16049577295780182
2,4,0.18000000715255737,0.1699407994747162
2,4,0.1899999976158142,0.17938581109046936
2,4,0.20000000298023224,0.18883083760738373
2,4,0.20999999344348907,0.1982758492231369
2,4,0.2199999988079071,0.20772087574005127
2,4,0.23000000417232513,0.21716588735580444
2,4,0.23999999463558197,0.2266109138727188
2,4,0.25,0.23605592548847198
2,4,0.25999999046325684,0.24551530182361603
2,4,0.27000001072883606,0.25497469305992126
2,4,0.2800000011920929,0.2644341289997101
2,4,0.28999999165534973,0.27389347553253174
2,4,0.30000001192092896,0.28335288166999817
2,4,0.3100000023841858,0.2928122580051422
2,4,0.3199999928474426,0.30227163434028625
2,4,0.33000001311302185,0.3117310702800751
2,4,0.3400000035762787,0.3211904466152191
2,4,0.3499999940395355,0.33064979314804077
2,4,0.36000001430511475,0.3401092290878296
2,4,0.3700000047683716,0.34956860542297363
2,4,0.3799999952316284,0.35905078053474426
2,4,0.38999998569488525,0.36855578422546387
2,4,0.4000000059604645,0.37806084752082825
2,4,0.4099999964237213,0.38756582140922546
2,4,0.41999998688697815,0.3970707952976227
2,4,0.4300000071525574,0.40657585859298706
2,4,0.4399999976158142,0.41608086228370667
2,4,0.44999998807907104,0.42558586597442627
2,4,0.46000000834465027,0.4350908696651459
2,4,0.4699999988079071,0.4445958435535431
2,4,0.47999998927116394,0.45410090684890747
2,4,0.49000000953674316,0.46360594034194946
2,4,0.5,0.4731109142303467
2,4,0.5099999904632568,0.4836678206920624
2,4,0.5199999809265137,0.49422478675842285
2,4,0.5299999713897705,0.5047817230224609
2,4,0.5400000214576721,0.5153387188911438
2,4,0.550000011920929,0.5258956551551819
2,4,0.5600000023841858,0.53645259141922
2,4,0.5699999928474426,0.5470095276832581
2,4,0.5799999833106995,0.5575664043426514
2,4,0.5899999737739563,0.5681234002113342
2,4,0.6000000238418579,0.5786804556846619
2,4,0.6100000143051147,0.5892373323440552
2,4,0.6200000047683716,0.5997942686080933
2,4,0.6299999952316284,0.6103395819664001
2,4,0.6399999856948853,0.6208733320236206
2,4,0.6499999761581421,0.6314069628715515
2,4,0.6600000262260437,0.6419407725334167
2,4,0.6700000166893005,0.6524745225906372
2,4,0.6800000071525574,0.6630081534385681
2,4,0.6899999976158142,0.6735419034957886
2,4,0.699999988079071,0.6840755343437195
2,4,0.7099999785423279,0.6946093440055847
2,4,0.7200000286102295,0.70514315366745
2,4,0.7300000190734863,0.7156767845153809
2,4,0.7400000095367432,0.7262104749679565
2,4,0.75,0.7367442846298218
2,4,0.7599999904632568,0.747273325920105
2,4,0.7699999809265137,0.757802426815033
2,4,0.7799999713897705,0.7683315277099609
2,4,0.7900000214576721,0.7788606286048889
2,4,0.800000011920929,0.7893899083137512
2,4,0.8100000023841858,0.7999188899993896
2,4,0.8199999928474426,0.8104479908943176
2,4,0.8299999833106995,0.8209770917892456
2,4,0.8399999737739563,0.8315061926841736
2,4,0.8500000238418579,0.8420354127883911
2,4,0.8600000143051147,0.8525644540786743
2,4,0.8700000047683716,0.8630936145782471
2,4,0.8799999952316284,0.873623788356781
2,4,0.8899999856948853,0.8841550946235657
2,4,0.8999999761581421,0.8946864604949951
2,4,0.9100000262260437,0.9052178859710693
2,4,0.9200000166893005,0.9157492518424988
2,4,0.9300000071525574,0.9262806177139282
2,4,0.9399999976158142,0.9368119239807129
2,4,0.949999988079071,0.9473431706428528
2,4,0.9599999785423279,0.9578746557235718
2,4,0.9700000286102295,0.9684059023857117
2,4,0.9800000190734863,0.9789373278617859
2,4,0.9900000095367432,0.9894685745239258
2,4,1.0,1.0
