Cont_abs,Cont_signed,SalVentAttn_abs,SalVentAttn_signed,Default_abs,Default_signed,stability,perm
0.6587509,0.03884433,0.7130289,0.0036712931,0.7509201,-0.03946984,0.1275614027567163,1
0.73116267,0.040868387,0.7006014,-0.043899454,0.7354365,0.028121727,0.13417402106564214,2
0.6495682,0.057503194,0.737634,-0.008408714,0.65991277,-0.0013891838,0.09232372513331989,3
0.73691726,-0.0042868066,0.66324383,-0.09799136,0.68780303,-0.02343552,0.13361333931092217,4
0.78521764,-0.03785387,0.8074356,-0.1209573,0.8296722,-0.12104014,0.126108012171895,5
0.7295731,-0.13022171,0.63873786,-0.15908213,0.6711253,0.024191856,0.1390486137530982,6
0.6938108,-0.056849126,0.7041473,0.03821968,0.7653221,-0.006355751,0.07568185593415604,7
0.7007413,-0.08110714,0.62765545,0.072663866,0.7104284,0.008545446,0.08342581032348638,8
0.7766664,0.07584393,0.8242695,0.12450162,0.8330683,-0.046264358,0.08932079051825816,9
0.84389716,0.037658244,0.7583931,0.06403258,0.7312798,0.0774962,0.09118097269182612,10
0.59693533,-0.0954496,0.64772683,0.07050156,0.725453,0.051084626,0.14509008655000843,11
0.6843448,-0.038734388,0.67467093,-0.007452904,0.703497,0.051286858,0.14836894880766752,12
0.7998703,-0.031508777,0.816583,0.109260656,0.80480194,-0.024020022,0.12817523682623375,13
0.86237967,0.11638065,0.69801015,0.002921224,0.7971402,-0.0459698,0.11755593719245039,14
0.71450955,-0.04023425,0.7338651,-0.011022332,0.7825163,-0.023140004,0.12709909222812243,15
0.7491116,0.013601263,0.78893095,0.04560866,0.76507556,-0.015021517,0.09444587335013489,16
0.7712269,-0.041109048,0.7229354,0.083126456,0.7669153,-0.011522171,0.06948189368108135,17
0.7261484,-0.05873848,0.75748706,-0.05402883,0.7699055,0.07154454,0.1467633946512488,18
0.676306,-0.05636439,0.6525867,-0.07761061,0.66276294,0.013353197,0.10231747664781107,19
0.66524196,0.013169663,0.6388652,0.01818275,0.6468845,0.10915417,0.11653254302941107,20
0.82585144,-0.09607182,0.78891665,-0.12928048,0.8285347,-0.046082187,0.15610528236664886,21
0.7092672,0.00043783188,0.68559504,0.0017982321,0.6772068,0.03673205,0.07929793993475856,22
0.58034563,0.02317416,0.5295235,0.08221614,0.62921643,-0.044591278,0.0916295597720181,23
0.71690416,0.04273598,0.74286675,-0.015404438,0.706088,0.04115711,0.12553388977302432,24
0.857963,0.08208074,0.89887357,0.03514462,0.88670266,-0.09541278,0.07096770256375451,25
0.67779934,0.060654663,0.75598043,-0.062259737,0.65803665,-0.07117266,0.09881747635012239,26
0.7383525,0.022134302,0.72489583,0.15334424,0.6481011,-0.046728566,0.14763630718376383,27
0.71779305,0.13468312,0.7779629,-0.13335276,0.7488839,0.04246596,0.07548122864455793,28
0.8443504,-0.020191351,0.86503875,0.013255369,0.78215516,-0.0031054372,0.05898092529978739,29
0.69494116,0.08434131,0.63610524,0.0820861,0.59856033,0.030336265,0.11091587198672073,30
0.842087,0.0803153,0.81260866,-0.092956096,0.8850975,0.06499432,0.11819943593947871,31
0.834842,-0.01995884,0.79211074,0.054430943,0.8562299,-0.06399213,0.08246079291167518,32
0.6257739,-0.09962673,0.62849486,-0.11102365,0.6355914,-0.00293891,0.14405557371456537,33
0.8072815,0.0691918,0.75435483,0.08983346,0.7255799,-0.05152176,0.06943566262822197,34
0.83313215,0.0540401,0.8140737,0.008877479,0.8708171,-0.013399946,0.08555447792251403,35
0.7525529,-0.00502891,0.79744524,-0.20868894,0.7503482,-0.09274805,0.14235133575890074,36
0.69641876,0.08487911,0.80362314,-0.07862591,0.73376894,0.02405775,0.09666157023637079,37
0.73390657,0.046825644,0.84086543,-0.21595648,0.7757816,-0.059575453,0.09524381298720476,38
0.6420891,-0.051969178,0.6697441,-0.06985117,0.7264565,0.07128387,0.12159797097933212,39
0.75138927,0.05124764,0.90494114,-0.07534512,0.84660304,0.015954036,0.04731310657790781,40
0.76658696,0.0862598,0.73353595,-0.010789944,0.77934706,-0.05603948,0.09390402040477328,41
0.6897017,-0.07960868,0.71075416,-0.022143377,0.84157914,-0.015482431,0.12509593017890497,42
0.63087547,0.12605949,0.61185324,0.016639097,0.6605948,-0.050169002,0.11370426236613684,43
0.5841194,-0.093462914,0.6066282,-0.039052848,0.6737985,0.09654712,0.11027511197559907,44
0.87577176,-0.07998007,0.84429795,-0.20331015,0.86987764,0.087258376,0.11054026328778103,45
0.79732984,-0.031793866,0.8063808,-0.029081432,0.76722574,0.09500461,0.07235685193024319,46
0.93344164,-0.034735627,0.90304047,0.10990288,0.9410145,-0.080639966,0.03846515881393684,47
0.86272365,-0.06517339,0.8725077,-0.011863712,0.82736063,-0.07721866,0.09836713290668592,48
0.8103662,0.04588968,0.8350459,-0.07183629,0.8499104,0.011288191,0.08451727100446713,49
0.70550406,0.038386963,0.7818819,0.009192489,0.74166983,0.045034446,0.15257802866980194,50
0.8069124,-0.03422056,0.8186835,-0.0041166823,0.82751113,-0.04962283,0.1012390547312556,51
0.73031783,0.1414343,0.72940624,-0.072163746,0.7088858,0.028602531,0.15031306430611446,52
0.8845631,-0.14314593,0.8340741,-0.061367728,0.821302,-0.015634567,0.0790788261777904,53
0.7666789,-0.13567023,0.80955213,0.051860865,0.78278357,0.03611942,0.07590483964403578,54
0.79446214,-0.038556777,0.7133172,-0.07932056,0.7485894,-0.104201496,0.10965574089653118,55
0.7801948,0.016569559,0.8069479,0.07434661,0.83735913,0.048217908,0.08463293794322126,56
0.8597767,0.11508007,0.886813,0.049162492,0.8157135,-0.028526904,0.09917239568541927,57
0.78212744,0.043646738,0.6529755,-0.14456174,0.65390205,-0.022395583,0.10345610610101055,58
0.79174185,-0.090462625,0.8453629,-0.029556805,0.84844244,0.07374095,0.09361765877374886,59
0.7889494,0.0075560496,0.8033019,-0.06003462,0.7494929,-0.1150555,0.07872061738251865,60
0.6737163,-0.03539015,0.7511645,-0.084744565,0.6763958,-0.002010337,0.1339161780106894,61
0.71141565,0.0054449853,0.74972725,0.11632442,0.6692919,-0.021840537,0.11336637082365102,62
0.70972425,0.074255675,0.61397076,-0.0634589,0.6919431,0.01818673,0.1303925412313714,63
0.84591216,0.04647985,0.8084761,0.08811248,0.80380803,-0.056733046,0.09086452961913113,64
0.79167026,-0.17754364,0.854258,-0.0447544,0.8065529,0.06854538,0.11585018102448967,65
0.70383,-0.13373291,0.69476914,-0.07936581,0.71751416,0.088124044,0.0864391640425409,66
0.7865637,-0.038003054,0.7842503,-0.063769676,0.76849514,0.0010268494,0.06543076743547746,67
0.8190932,-0.11810132,0.8252023,-0.025368232,0.84497625,-0.009546416,0.08283404986999936,68
0.77010614,-0.030028164,0.8127847,-0.02008246,0.72988623,-0.04778214,0.08936920958295601,69
0.7477841,-0.039464597,0.8781846,0.012121229,0.8183376,0.0026882759,0.07156680104333932,70
0.86277187,0.0945034,0.73698694,-0.051188625,0.8521031,-0.033045508,0.09959224092302545,71
0.9488558,-0.104182124,0.9283898,-0.020506836,0.972378,0.00012448909,0.09372628537509073,72
0.7628172,-0.0018553807,0.82603836,-0.15491301,0.7967292,-0.010194014,0.04348634829457129,73
0.76789117,0.025988149,0.6503426,-0.032933462,0.7191596,0.110220686,0.15943120920548678,74
0.72913545,0.005823029,0.7113698,0.0020374218,0.7011487,0.07704418,0.06843745292797661,75
0.70865583,0.060096435,0.7071894,-0.014818648,0.6918208,0.033600308,0.09133035287421402,76
0.62832266,0.006366362,0.69813293,0.055800576,0.69785297,0.107404836,0.07742826149212287,77
0.6394236,0.044168428,0.5965684,-0.099278204,0.6381035,-0.035434026,0.12278169833776591,78
0.8615692,0.020739742,0.86590964,-2.5643694e-05,0.87788504,-0.028775908,0.12046676692821597,79
0.74891573,0.03824645,0.779151,0.14301339,0.84591305,0.003556656,0.09008413873007198,80
0.80867475,0.10541238,0.86103505,-0.14064738,0.8436553,0.06976601,0.09497887005710265,81
0.5999572,-0.17694321,0.6199299,-0.01862189,0.7661899,0.122287564,0.047177509381658926,82
0.7250797,-0.019076655,0.70322174,-0.02705135,0.7754067,0.07361809,0.07172214988387166,83
0.8369414,-0.10851629,0.79710144,-0.102481894,0.8130583,-0.028597452,0.10718498434455204,84
0.73315394,0.0013225483,0.70940274,0.014394359,0.79386353,-0.043499336,0.11318798087886037,85
1.0356066,-0.011927665,0.9699663,-0.09157208,0.9304194,0.0681452,0.05936242823470015,86
0.73396385,0.038481824,0.63163984,-0.05267976,0.7484814,0.060427193,0.08392823440245249,87
0.82756615,0.0077751856,0.7490694,-0.07108875,0.7970065,0.16057064,0.1284020458357223,88
0.6254577,-0.112983644,0.67658573,0.09622736,0.7645022,0.03580594,0.1086370204458543,89
0.7584934,-0.13140726,0.78732586,-0.03124466,0.7675107,0.012073968,0.0757326416239037,90
0.7848742,-0.09150766,0.8838493,0.12771986,0.8468781,0.021019354,0.07190418651505978,91
0.7040194,-0.027196163,0.6583012,-0.004584499,0.7371107,0.07664802,0.1090937790804635,92
0.8798059,-0.008411466,0.871204,0.0013225403,0.87589633,0.032638285,0.08192367321641313,93
0.93959445,-0.076633915,0.939444,-0.07964668,0.828653,-0.029190294,0.1399662688950451,94
0.74354005,-0.14194444,0.7736962,0.14877686,0.7153726,-0.02252094,0.07723766631122637,95
0.81863487,0.06103036,0.73763716,-0.15422094,0.69416666,0.011717937,0.11954847175559521,96
0.9267984,-0.009727614,0.96848404,-0.004475493,0.9449043,-0.04053313,0.09652563069813357,97
0.64503723,0.053837407,0.56672335,-0.0014003298,0.5830439,-0.049435996,0.14816631211944223,98
0.7881874,-0.0686468,0.8624995,-0.055254847,0.9542291,0.013869388,0.038584144981534375,99
0.8039982,0.07890324,0.8112882,-0.07788834,0.82357365,-0.04498347,0.0725831548689664,100
