case,seed,variant,auroc,ap,lam,alpha_rho,gate_corr,gate_corr_support,gate_rmse,topk_prec,roi_rho
linear,0,topology,0.5,0.5,1.0,0.2841977827505985,,,,,
linear,0,linear,0.9291836734693878,0.9316549948222361,2.7157232761383057,0.9194337194337194,,,,,
linear,0,learned,0.9642857142857144,0.9641723190568956,2.6733508110046387,0.9451737451737452,0.9669478972480081,0.9902652576793607,0.13718701777577,,
linear,1,topology,0.5,0.5,1.0,-0.28249194713555476,,,,,
linear,1,linear,0.8489795918367348,0.8391289127350976,1.039423942565918,0.8175032175032174,,,,,
linear,1,learned,0.913469387755102,0.9077075357112894,2.621964454650879,0.9042471042471043,0.9703528024359271,0.9931061332308048,0.1315999385371854,,
linear,2,topology,0.5,0.5,1.0,0.022509851622772793,,,,,
linear,2,linear,0.9689795918367348,0.973036779936051,2.6899805068969727,0.9158301158301159,,,,,
linear,2,learned,0.9185714285714286,0.925998170308521,1.029268741607666,0.7842985842985843,0.9999544871179348,0.9999997723997419,0.004170317927407312,,
linear,3,topology,0.5,0.5,1.0,0.03796999640971314,,,,,
linear,3,linear,0.9624489795918368,0.9651541742495608,1.5655871629714966,0.9217503217503218,,,,,
linear,3,learned,0.9710204081632654,0.9735927244666861,2.6244144439697266,0.9629343629343631,0.9736950612904707,0.9962430084610117,0.1258827298069442,,
linear,4,topology,0.5,0.5,1.0,-0.2559740029464011,,,,,
linear,4,linear,0.8969387755102041,0.9032430607673672,1.0049809217453003,0.6906048906048907,,,,,
linear,4,learned,0.8969387755102041,0.9032430607673672,1.0049803256988525,0.697039897039897,0.9999986421497693,0.999999992962897,0.000714002136300028,,
threshold,0,topology,0.5,0.5,1.0,0.2841977827505985,,,,,
threshold,0,linear,0.9144897959183673,0.924182275398618,2.6998133659362793,0.9122265122265123,,,,,
threshold,0,learned,0.9714285714285714,0.9701549143866421,2.693605661392212,0.9315315315315315,0.9919731839358769,0.990045459680459,0.07994530106020557,,
threshold,1,topology,0.5,0.5,1.0,-0.28249194713555476,,,,,
threshold,1,linear,0.9040816326530613,0.9201081296832274,2.6636579036712646,0.8921492921492923,,,,,
threshold,1,learned,0.9630612244897959,0.9690192804133287,2.6318793296813965,0.9503217503217504,0.9915145265582928,0.9898264468424306,0.08276306987211947,,
threshold,2,topology,0.5,0.5,1.0,0.022509851622772793,,,,,
threshold,2,linear,0.917142857142857,0.9181643072515207,2.483077049255371,0.906821106821107,,,,,
threshold,2,learned,0.9657142857142856,0.971053379263572,2.6555984020233154,0.9361647361647363,0.9919267787546416,0.9901346708985155,0.08083683663157452,,
threshold,3,topology,0.5,0.5,1.0,0.03796999640971314,,,,,
threshold,3,linear,0.913061224489796,0.9174236376343758,2.6023881435394287,0.932818532818533,,,,,
threshold,3,learned,0.9808163265306122,0.9815149679587389,2.631828784942627,0.9691119691119692,0.9915747147163568,0.9898911019589861,0.08254992411049084,,
threshold,4,topology,0.5,0.5,1.0,-0.2559740029464011,,,,,
threshold,4,linear,0.8908163265306123,0.8904813828775189,1.0,0.874428799205887,,,,,
threshold,4,learned,0.8908163265306123,0.8904813828775189,1.0,0.874428799205887,0.916243610509228,0.9500155729319042,0.23048704754988394,,
saturating,0,topology,0.5,0.5,1.0,0.2841977827505985,,,,,
saturating,0,linear,0.903469387755102,0.9061803975949737,2.541388511657715,0.9057915057915058,,,,,
saturating,0,learned,0.9457142857142856,0.944932512952195,2.684598922729492,0.9346203346203347,0.8696888635256006,0.9947170710389689,0.3037100064106981,,
saturating,1,topology,0.5,0.5,1.0,-0.28249194713555476,,,,,
saturating,1,linear,0.8926530612244898,0.8964214454901531,1.0135548114776611,0.6514800514800515,,,,,
saturating,1,learned,0.8981632653061223,0.9011302775204162,1.1318773031234741,0.7688545688545689,0.8571663144310656,0.9569256457070702,0.3361494626035974,,
saturating,2,topology,0.5,0.5,1.0,0.022509851622772793,,,,,
saturating,2,linear,0.86,0.8551682296027717,1.0,0.8478177534702995,,,,,
saturating,2,learned,0.86,0.8551682296027717,1.0,0.8478177534702995,0.8561726137327536,0.9485574688124183,0.3390329944228419,,
saturating,3,topology,0.5,0.5,1.0,0.03796999640971314,,,,,
saturating,3,linear,0.8632653061224489,0.8665133305925632,2.3306853771209717,0.9595881595881596,,,,,
saturating,3,learned,0.8922448979591837,0.8805164845145019,2.61044979095459,0.9642213642213643,0.8664141708810443,0.9948229704210215,0.3083780882274457,,
saturating,4,topology,0.5,0.5,1.0,-0.2559740029464011,,,,,
saturating,4,linear,0.8193877551020409,0.7996453139204557,1.0023534297943115,0.7997425997425998,,,,,
saturating,4,learned,0.819795918367347,0.799821306317301,1.0023534297943115,0.7997425997425998,0.8562063057464152,0.9504295345085557,0.33897271516770766,,
binary,0,topology,0.9593877551020409,0.9631712450023469,2.339104652404785,0.9595881595881596,,,,,
binary,0,linear,0.9593877551020409,0.9631712450023469,2.339104652404785,0.9595881595881596,,,,,
binary,0,learned,0.9593877551020409,0.9631712450023469,2.339104652404785,0.9595881595881596,,,,,
binary,1,topology,0.9514285714285714,0.9531812042360056,2.267518997192383,0.9171171171171172,,,,,
binary,1,linear,0.9514285714285714,0.9531812042360056,2.267518997192383,0.9171171171171172,,,,,
binary,1,learned,0.9514285714285714,0.9531812042360056,2.267519235610962,0.9171171171171172,,,,,
binary,2,topology,0.9875510204081632,0.9882666234584476,2.2974305152893066,0.9711711711711712,,,,,
binary,2,linear,0.9875510204081632,0.9882666234584476,2.2974305152893066,0.9711711711711712,,,,,
binary,2,learned,0.9875510204081632,0.9882666234584476,2.2974305152893066,0.9711711711711712,,,,,
binary,3,topology,0.9914285714285713,0.9923478054316268,2.3294317722320557,0.9850707850707852,,,,,
binary,3,linear,0.9914285714285713,0.9923478054316268,2.3294317722320557,0.9850707850707852,,,,,
binary,3,learned,0.9914285714285713,0.9923478054316268,2.3294317722320557,0.9850707850707852,,,,,
binary,4,topology,0.9844897959183674,0.9858021532793907,2.3166050910949707,0.9634491634491634,,,,,
binary,4,linear,0.9844897959183674,0.9858021532793907,2.3166050910949707,0.9634491634491634,,,,,
binary,4,learned,0.9844897959183674,0.9858021532793907,2.3166050910949707,0.9634491634491634,,,,,
regions,0,nodeonly,0.8695918367346938,0.8556336587571556,0.0,,,,,1.0,0.5454857445934747
regions,1,nodeonly,0.8136734693877551,0.8208618439946167,0.0,,,,,1.0,0.5445419976305103
regions,2,nodeonly,0.743265306122449,0.7404085496376311,0.0,,,,,1.0,0.5445419976305103
regions,3,nodeonly,0.8318367346938775,0.8580391622659831,0.0,,,,,0.75,0.5275545522971494
regions,4,nodeonly,0.7487755102040816,0.7512330966093533,0.0,,,,,1.0,0.5454857445934747
