fold,network,top30,expected
0,Cont,8,3.6111111111111107
0,Default,3,6.319444444444445
0,DorsAttn,4,3.1944444444444446
0,Limbic,2,1.8055555555555554
0,SalVentAttn,1,3.263888888888889
0,SomMot,5,5.347222222222221
0,Subcortical,4,2.2222222222222223
0,Vis,3,4.236111111111111
1,Cont,5,3.6111111111111107
1,Default,2,6.319444444444445
1,DorsAttn,5,3.1944444444444446
1,Limbic,2,1.8055555555555554
1,SalVentAttn,1,3.263888888888889
1,SomMot,4,5.347222222222221
1,Subcortical,10,2.2222222222222223
1,Vis,1,4.236111111111111
2,Cont,6,3.6111111111111107
2,Default,4,6.319444444444445
2,DorsAttn,4,3.1944444444444446
2,Limbic,2,1.8055555555555554
2,SalVentAttn,0,3.263888888888889
2,SomMot,4,5.347222222222221
2,Subcortical,7,2.2222222222222223
2,Vis,3,4.236111111111111
3,Cont,4,3.6111111111111107
3,Default,5,6.319444444444445
3,DorsAttn,3,3.1944444444444446
3,Limbic,4,1.8055555555555554
3,SalVentAttn,1,3.263888888888889
3,SomMot,4,5.347222222222221
3,Subcortical,8,2.2222222222222223
3,Vis,1,4.236111111111111
4,Cont,5,3.6111111111111107
4,Default,4,6.319444444444445
4,DorsAttn,5,3.1944444444444446
4,Limbic,2,1.8055555555555554
4,SalVentAttn,1,3.263888888888889
4,SomMot,6,5.347222222222221
4,Subcortical,6,2.2222222222222223
4,Vis,1,4.236111111111111
